"Activity Date","Process Date","Settle Date","Instrument","Description","Trans Code","Quantity","Price","Amount"
"4/15/2026","4/15/2026","4/16/2026","TSLA","TSLA 4/15/2026 Call $395.00","STC","1","$0.14","$13.94"
"4/15/2026","4/15/2026","4/16/2026","QQQ","QQQ 4/15/2026 Call $637.00","STC","1","$0.28","$27.94"
"4/15/2026","4/15/2026","4/16/2026","QQQ","QQQ 4/15/2026 Call $637.00","STC","3","$0.20","$59.86"
"4/15/2026","4/15/2026","4/16/2026","QQQ","QQQ 4/15/2026 Call $637.00","BTO","6","$0.12","($72.24)"
"4/15/2026","4/15/2026","4/16/2026","QQQ","QQQ 4/15/2026 Call $636.00","STC","1","$0.32","$31.94"
"4/15/2026","4/15/2026","4/16/2026","","ACH Deposit","ACH","","","$100.00"
"4/15/2026","4/15/2026","4/16/2026","QQQ","QQQ 4/15/2026 Call $635.00","STC","1","$0.45","$44.94"
"4/15/2026","4/15/2026","4/16/2026","QQQ","QQQ 4/15/2026 Call $635.00","STC","2","$0.44","$87.90"
"4/15/2026","4/15/2026","4/16/2026","QQQ","QQQ 4/15/2026 Call $635.00","BTO","2","$0.46","($92.08)"
"4/15/2026","4/15/2026","4/16/2026","","ACH Deposit","ACH","","","$100.00"
"4/15/2026","4/15/2026","4/16/2026","QQQ","QQQ 4/15/2026 Call $635.00","STC","1","$0.42","$41.94"
"4/15/2026","4/15/2026","4/16/2026","QQQ","QQQ 4/15/2026 Call $635.00","STC","3","$0.44","$131.86"
"4/15/2026","4/15/2026","4/16/2026","META","META 4/15/2026 Put $667.50","STC","1","$0.28","$27.94"
"4/15/2026","4/15/2026","4/16/2026","QQQ","QQQ 4/15/2026 Call $635.00","BTO","2","$0.16","($32.08)"
"4/15/2026","4/15/2026","4/16/2026","QQQ","QQQ 4/15/2026 Call $636.00","STC","3","$0.06","$17.86"
"4/15/2026","4/15/2026","4/16/2026","QQQ","QQQ 4/15/2026 Call $635.00","STC","3","$0.13","$38.86"
"4/15/2026","4/15/2026","4/16/2026","META","META 4/15/2026 Call $680.00","STC","1","$0.14","$13.94"
"4/15/2026","4/15/2026","4/16/2026","QQQ","QQQ 4/15/2026 Call $634.00","STC","1","$0.34","$33.94"
"4/15/2026","4/15/2026","4/16/2026","QQQ","QQQ 4/15/2026 Call $635.00","BTO","3","$0.19","($57.12)"
"4/15/2026","4/15/2026","4/16/2026","QQQ","QQQ 4/15/2026 Call $635.00","BTO","1","$0.20","($20.04)"
"4/15/2026","4/15/2026","4/16/2026","TSLA","TSLA 4/17/2026 Call $405.00","BTO","1","$2.20","($220.04)"
"4/15/2026","4/15/2026","4/16/2026","","ACH Deposit","ACH","","","$325.00"
"4/15/2026","4/15/2026","4/16/2026","META","META 4/15/2026 Put $667.50","BTO","1","$0.56","($56.04)"
"4/15/2026","4/15/2026","4/16/2026","META","META 4/15/2026 Call $680.00","STC","1","$0.40","$39.94"
"4/15/2026","4/15/2026","4/16/2026","QQQ","QQQ 4/15/2026 Put $633.00","STC","1","$0.78","$77.94"
"4/15/2026","4/15/2026","4/16/2026","QQQ","QQQ 4/15/2026 Put $633.00","BTO","1","$0.96","($96.04)"
"4/15/2026","4/15/2026","4/16/2026","QQQ","QQQ 4/15/2026 Call $634.00","BTO","1","$0.64","($64.04)"
"4/15/2026","4/15/2026","4/16/2026","QQQ","QQQ 4/15/2026 Call $634.00","STC","1","$0.94","$93.94"
"4/15/2026","4/15/2026","4/16/2026","META","META 4/15/2026 Call $680.00","STC","1","$1.44","$143.94"
"4/15/2026","4/15/2026","4/16/2026","QQQ","QQQ 4/15/2026 Call $634.00","STC","1","$0.93","$92.94"
"4/15/2026","4/15/2026","4/16/2026","TSLA","TSLA 4/15/2026 Call $395.00","BTO","1","$1.35","($135.04)"
"4/15/2026","4/15/2026","4/16/2026","META","META 4/15/2026 Call $680.00","BTO","3","$0.61","($183.12)"
"4/15/2026","4/15/2026","4/16/2026","META","META 4/15/2026 Call $675.00","STC","1","$2.25","$224.94"
"4/15/2026","4/15/2026","4/16/2026","QQQ","QQQ 4/15/2026 Call $634.00","STC","1","$0.71","$70.94"
"4/15/2026","4/15/2026","4/16/2026","QQQ","QQQ 4/15/2026 Put $631.00","STC","1","$0.35","$34.94"
"4/15/2026","4/15/2026","4/16/2026","QQQ","QQQ 4/15/2026 Call $634.00","BTO","1","$0.58","($58.04)"
"4/15/2026","4/15/2026","4/16/2026","QQQ","QQQ 4/15/2026 Call $634.00","BTO","1","$0.58","($58.04)"
"4/15/2026","4/15/2026","4/16/2026","QQQ","QQQ 4/15/2026 Call $634.00","BTO","1","$0.58","($58.04)"
"4/15/2026","4/15/2026","4/16/2026","QQQ","QQQ 4/15/2026 Call $635.00","STC","2","$0.32","$63.90"
"4/15/2026","4/15/2026","4/16/2026","QQQ","QQQ 4/15/2026 Call $634.00","STC","1","$0.55","$54.94"
"4/15/2026","4/15/2026","4/16/2026","QQQ","QQQ 4/15/2026 Put $631.00","BTO","1","$0.53","($53.04)"
"4/15/2026","4/15/2026","4/16/2026","QQQ","QQQ 4/15/2026 Call $635.00","BTO","2","$0.41","($82.08)"
"4/15/2026","4/15/2026","4/15/2026","","External debit card transfer - withdrawal reversal account ending in 5447","DCFD","","","$497.14"
"4/15/2026","4/15/2026","4/15/2026","","External debit card transfer - withdrawal fee reversal","DCFD","","","$8.86"
"4/15/2026","4/15/2026","4/16/2026","META","META 4/15/2026 Call $675.00","BTO","1","$1.62","($162.04)"
"4/15/2026","4/15/2026","4/15/2026","","External debit card transfer - withdrawal fee","DCF","","","($8.86)"
"4/15/2026","4/15/2026","4/15/2026","","External debit card transfer - account ending in 5447","DCF","","","($497.14)"
"4/15/2026","4/15/2026","4/16/2026","QQQ","QQQ 4/15/2026 Call $634.00","STC","2","$0.35","$69.90"
"4/15/2026","4/15/2026","4/16/2026","QQQ","QQQ 4/15/2026 Call $632.00","STC","1","$1.29","$128.94"
"4/15/2026","4/15/2026","4/16/2026","QQQ","QQQ 4/15/2026 Call $632.00","STC","1","$1.16","$115.94"
"4/15/2026","4/15/2026","4/16/2026","QQQ","QQQ 4/15/2026 Call $631.00","STC","1","$1.59","$158.94"
"4/15/2026","4/15/2026","4/16/2026","QQQ","QQQ 4/15/2026 Call $632.00","STC","1","$0.96","$95.94"
"4/15/2026","4/15/2026","4/16/2026","QQQ","QQQ 4/15/2026 Call $632.00","STC","2","$0.84","$167.90"
"4/15/2026","4/15/2026","4/16/2026","QQQ","QQQ 4/15/2026 Call $631.00","STC","1","$1.27","$126.94"
"4/15/2026","4/15/2026","4/16/2026","QQQ","QQQ 4/15/2026 Call $634.00","BTO","3","$0.29","($87.12)"
"4/15/2026","4/15/2026","4/16/2026","QQQ","QQQ 4/15/2026 Call $632.00","BTO","1","$0.70","($70.04)"
"4/15/2026","4/15/2026","4/16/2026","QQQ","QQQ 4/15/2026 Put $627.00","STC","1","$0.47","$46.94"
"4/15/2026","4/15/2026","4/16/2026","QQQ","QQQ 4/15/2026 Put $629.00","STC","1","$0.89","$88.94"
"4/15/2026","4/15/2026","4/16/2026","QQQ","QQQ 4/15/2026 Put $627.00","BTO","1","$0.48","($48.04)"
"4/15/2026","4/15/2026","4/16/2026","QQQ","QQQ 4/15/2026 Call $632.00","BTO","1","$0.68","($68.04)"
"4/15/2026","4/15/2026","4/16/2026","QQQ","QQQ 4/15/2026 Call $632.00","BTO","2","$0.68","($136.08)"
"4/15/2026","4/15/2026","4/16/2026","QQQ","QQQ 4/15/2026 Put $629.00","BTO","1","$1.14","($114.04)"
"4/15/2026","4/15/2026","4/16/2026","QQQ","QQQ 4/15/2026 Call $631.00","BTO","1","$0.91","($91.04)"
"4/15/2026","4/15/2026","4/16/2026","QQQ","QQQ 4/15/2026 Call $630.00","STC","1","$1.29","$128.94"
"4/15/2026","4/15/2026","4/16/2026","QQQ","QQQ 4/15/2026 Call $630.00","STC","1","$1.38","$137.94"
"4/15/2026","4/15/2026","4/16/2026","QQQ","QQQ 4/15/2026 Call $630.00","BTO","1","$1.26","($126.04)"
"4/15/2026","4/15/2026","4/16/2026","QQQ","QQQ 4/15/2026 Call $630.00","STC","1","$1.26","$125.94"
"4/15/2026","4/15/2026","4/16/2026","QQQ","QQQ 4/15/2026 Put $620.00","STC","1","$0.13","$12.94"
"4/15/2026","4/15/2026","4/16/2026","QQQ","QQQ 4/15/2026 Call $636.00","BTO","5","$0.14","($70.20)"
"4/15/2026","4/15/2026","4/16/2026","QQQ","QQQ 4/15/2026 Put $627.00","STC","1","$0.88","$87.94"
"4/15/2026","4/15/2026","4/16/2026","QQQ","QQQ 4/15/2026 Call $636.00","STC","6","$0.12","$71.73"
"4/15/2026","4/15/2026","4/16/2026","QQQ","QQQ 4/15/2026 Call $636.00","STC","1","$0.12","$11.94"
"4/15/2026","4/15/2026","4/16/2026","QQQ","QQQ 4/15/2026 Call $630.00","STC","1","$1.42","$141.94"
"4/15/2026","4/15/2026","4/16/2026","QQQ","QQQ 4/15/2026 Put $627.00","BTO","1","$0.80","($80.04)"
"4/15/2026","4/15/2026","4/16/2026","QQQ","QQQ 4/15/2026 Call $636.00","BTO","7","$0.13","($91.28)"
"4/15/2026","4/15/2026","4/16/2026","QQQ","QQQ 4/15/2026 Call $630.00","BTO","3","$1.06","($318.12)"
"4/14/2026","4/14/2026","4/14/2026","","ACH REVERSAL","ACH","","","($90.96)"
"4/14/2026","4/14/2026","4/15/2026","QQQ","QQQ 4/15/2026 Call $635.00","BTO","2","$0.22","($44.08)"
"4/14/2026","4/14/2026","4/15/2026","QQQ","QQQ 4/15/2026 Put $620.00","BTO","1","$0.43","($43.04)"
"4/14/2026","4/14/2026","4/15/2026","QQQ","QQQ 4/15/2026 Call $632.00","BTO","1","$0.71","($71.04)"
"4/14/2026","4/14/2026","4/15/2026","QQQ","QQQ 4/15/2026 Call $631.00","BTO","1","$0.95","($95.04)"
"4/14/2026","4/14/2026","4/15/2026","","ACH Deposit","ACH","","","$250.00"
"4/14/2026","4/14/2026","4/15/2026","QQQ","QQQ 4/14/2026 Call $628.00","STC","2","$0.34","$67.90"
"4/14/2026","4/14/2026","4/15/2026","QQQ","QQQ 4/14/2026 Call $628.00","STC","2","$0.46","$91.90"
"4/14/2026","4/14/2026","4/15/2026","QQQ","QQQ 4/14/2026 Call $628.00","STC","2","$0.24","$47.90"
"4/14/2026","4/14/2026","4/15/2026","QQQ","QQQ 4/14/2026 Call $628.00","BTO","5","$0.10","($50.20)"
"4/14/2026","4/14/2026","4/15/2026","","ACH Deposit","ACH","","","$50.00"
"4/14/2026","4/14/2026","4/15/2026","QQQ","QQQ 4/14/2026 Call $628.00","STC","1","$0.51","$50.94"
"4/14/2026","4/14/2026","4/15/2026","QQQ","QQQ 4/14/2026 Call $628.00","BTO","2","$0.29","($58.08)"
"4/14/2026","4/14/2026","4/15/2026","QQQ","QQQ 4/14/2026 Call $627.00","STC","2","$0.62","$123.90"
"4/14/2026","4/14/2026","4/15/2026","QQQ","QQQ 4/14/2026 Call $627.00","BTO","1","$0.71","($71.04)"
"4/14/2026","4/14/2026","4/15/2026","QQQ","QQQ 4/14/2026 Call $627.00","BTO","1","$0.71","($71.04)"
"4/14/2026","4/14/2026","4/15/2026","QQQ","QQQ 4/14/2026 Call $626.00","STC","1","$1.15","$114.94"
"4/14/2026","4/14/2026","4/15/2026","QQQ","QQQ 4/14/2026 Call $625.00","STC","1","$1.43","$142.94"
"4/14/2026","4/14/2026","4/15/2026","QQQ","QQQ 4/14/2026 Call $626.00","STC","1","$0.79","$78.94"
"4/14/2026","4/14/2026","4/15/2026","QQQ","QQQ 4/14/2026 Call $625.00","STC","1","$1.27","$126.94"
"4/14/2026","4/14/2026","4/15/2026","QQQ","QQQ 4/14/2026 Call $624.00","STC","1","$1.34","$133.94"
"4/14/2026","4/14/2026","4/15/2026","QQQ","QQQ 4/14/2026 Call $625.00","BTO","2","$0.55","($110.08)"
"4/14/2026","4/14/2026","4/15/2026","QQQ","QQQ 4/14/2026 Call $624.00","STC","2","$1.02","$203.90"
"4/14/2026","4/14/2026","4/15/2026","QQQ","QQQ 4/14/2026 Call $624.00","BTO","1","$0.62","($62.04)"
"4/14/2026","4/14/2026","4/15/2026","QQQ","QQQ 4/14/2026 Call $624.00","BTO","1","$0.62","($62.04)"
"4/14/2026","4/14/2026","4/15/2026","QQQ","QQQ 4/14/2026 Call $624.00","STC","1","$1.00","$99.94"
"4/14/2026","4/14/2026","4/15/2026","QQQ","QQQ 4/14/2026 Call $626.00","STC","2","$0.30","$59.90"
"4/14/2026","4/14/2026","4/15/2026","QQQ","QQQ 4/14/2026 Call $626.00","STC","1","$0.29","$28.94"
"4/14/2026","4/14/2026","4/15/2026","QQQ","QQQ 4/14/2026 Call $624.00","BTO","2","$0.85","($170.08)"
"4/14/2026","4/14/2026","4/15/2026","QQQ","QQQ 4/14/2026 Call $622.00","STC","1","$2.06","$205.94"
"4/14/2026","4/14/2026","4/15/2026","QQQ","QQQ 4/14/2026 Call $626.00","BTO","5","$0.20","($100.20)"
"4/14/2026","4/14/2026","4/15/2026","QQQ","QQQ 4/14/2026 Call $622.00","STC","1","$1.68","$167.94"
"4/14/2026","4/14/2026","4/15/2026","QQQ","QQQ 4/14/2026 Put $618.00","STC","1","$0.45","$44.94"
"4/14/2026","4/14/2026","4/15/2026","QQQ","QQQ 4/14/2026 Put $618.00","BTO","1","$0.50","($50.04)"
"4/14/2026","4/14/2026","4/15/2026","QQQ","QQQ 4/14/2026 Call $622.00","BTO","2","$1.14","($228.08)"
"4/14/2026","4/14/2026","4/15/2026","QQQ","QQQ 4/14/2026 Call $615.00","STC","1","$6.02","$601.93"
"4/14/2026","4/14/2026","4/14/2026","","ACH REVERSAL","ACH","","","($150.00)"
"4/13/2026","4/13/2026","4/14/2026","QQQ","QQQ 4/13/2026 Call $617.00","STC","1","$0.03","$2.94"
"4/13/2026","4/13/2026","4/14/2026","QQQ","QQQ 4/13/2026 Call $619.00","STC","1","$0.02","$1.94"
"4/13/2026","4/13/2026","4/14/2026","QQQ","QQQ 4/13/2026 Call $615.00","STC","1","$0.62","$61.94"
"4/13/2026","4/13/2026","4/14/2026","QQQ","QQQ 4/14/2026 Call $615.00","BTO","1","$2.05","($205.04)"
"4/13/2026","4/13/2026","4/14/2026","","ACH Deposit","ACH","","","$200.00"
"4/13/2026","4/13/2026","4/14/2026","QQQ","QQQ 4/13/2026 Call $614.00","STC","1","$1.32","$131.94"
"4/13/2026","4/13/2026","4/14/2026","QQQ","QQQ 4/13/2026 Call $619.00","BTO","1","$0.10","($10.04)"
"4/13/2026","4/13/2026","4/14/2026","QQQ","QQQ 4/13/2026 Call $613.00","STC","1","$1.41","$140.94"
"4/13/2026","4/13/2026","4/14/2026","QQQ","QQQ 4/13/2026 Call $614.00","BTO","1","$0.80","($80.04)"
"4/13/2026","4/13/2026","4/14/2026","QQQ","QQQ 4/13/2026 Call $613.00","STC","1","$1.43","$142.94"
"4/13/2026","4/13/2026","4/14/2026","QQQ","QQQ 4/13/2026 Call $613.00","BTO","1","$0.84","($84.04)"
"4/13/2026","4/13/2026","4/14/2026","QQQ","QQQ 4/13/2026 Call $612.00","STC","1","$1.43","$142.94"
"4/13/2026","4/13/2026","4/14/2026","QQQ","QQQ 4/13/2026 Put $608.00","STC","1","$0.20","$19.94"
"4/13/2026","4/13/2026","4/14/2026","QQQ","QQQ 4/13/2026 Put $610.00","STC","1","$0.52","$51.94"
"4/13/2026","4/13/2026","4/14/2026","QQQ","QQQ 4/13/2026 Put $608.00","BTO","1","$0.37","($37.04)"
"4/13/2026","4/13/2026","4/14/2026","QQQ","QQQ 4/13/2026 Call $612.00","BTO","1","$0.66","($66.04)"
"4/13/2026","4/13/2026","4/14/2026","QQQ","QQQ 4/13/2026 Call $615.00","STC","3","$0.09","$26.86"
"4/13/2026","4/13/2026","4/13/2026","","External debit card transfer - withdrawal fee","DCF","","","($2.19)"
"4/13/2026","4/13/2026","4/13/2026","","External debit card transfer - account ending in 5447","DCF","","","($122.81)"
"4/13/2026","4/13/2026","4/14/2026","QQQ","QQQ 4/13/2026 Put $610.00","BTO","1","$0.63","($63.04)"
"4/13/2026","4/13/2026","4/14/2026","QQQ","QQQ 4/13/2026 Call $615.00","BTO","4","$0.14","($56.16)"
"4/13/2026","4/13/2026","4/14/2026","QQQ","QQQ 4/13/2026 Call $613.00","BTO","1","$0.76","($76.04)"
"4/13/2026","4/13/2026","4/14/2026","QQQ","QQQ 4/13/2026 Call $610.00","STC","1","$2.75","$274.94"
"4/13/2026","4/13/2026","4/14/2026","QQQ","QQQ 4/13/2026 Call $610.00","BTO","1","$2.08","($208.04)"
"4/13/2026","4/13/2026","4/14/2026","QQQ","QQQ 4/13/2026 Put $609.00","STC","1","$1.32","$131.94"
"4/13/2026","4/13/2026","4/14/2026","QQQ","QQQ 4/13/2026 Put $609.00","BTO","1","$1.92","($192.04)"
"4/13/2026","4/13/2026","4/13/2026","","External debit card transfer - withdrawal fee","DCF","","","($1.00)"
"4/13/2026","4/13/2026","4/13/2026","","External debit card transfer - account ending in 5447","DCF","","","($49.00)"
"4/10/2026","4/10/2026","4/13/2026","QQQ","QQQ 4/13/2026 Call $617.00","BTO","1","$0.81","($81.04)"
"4/10/2026","4/10/2026","4/13/2026","QQQ","QQQ 4/10/2026 Call $612.00","STC","2","$0.08","$15.90"
"4/10/2026","4/10/2026","4/13/2026","","ACH Deposit","ACH","","","$90.96"
"4/10/2026","4/10/2026","4/13/2026","QQQ","QQQ 4/10/2026 Put $610.00","STC","2","$0.41","$81.90"
"4/10/2026","4/10/2026","4/13/2026","QQQ","QQQ 4/10/2026 Call $612.00","BTO","2","$0.10","($20.08)"
"4/10/2026","4/10/2026","4/13/2026","QQQ","QQQ 4/10/2026 Call $612.00","STC","2","$0.10","$19.90"
"4/10/2026","4/10/2026","4/13/2026","QQQ","QQQ 4/10/2026 Call $612.00","STC","3","$0.12","$35.86"
"4/10/2026","4/10/2026","4/13/2026","QQQ","QQQ 4/10/2026 Put $610.00","BTO","1","$0.54","($54.04)"
"4/10/2026","4/10/2026","4/13/2026","QQQ","QQQ 4/10/2026 Put $610.00","STC","2","$0.45","$89.90"
"4/10/2026","4/10/2026","4/13/2026","QQQ","QQQ 4/10/2026 Put $610.00","BTO","1","$0.47","($47.04)"
"4/10/2026","4/10/2026","4/13/2026","QQQ","QQQ 4/10/2026 Call $612.00","BTO","4","$0.16","($64.16)"
"4/10/2026","4/10/2026","4/13/2026","QQQ","QQQ 4/10/2026 Call $612.00","STC","1","$0.18","$17.94"
"4/10/2026","4/10/2026","4/13/2026","QQQ","QQQ 4/10/2026 Call $612.00","STC","1","$0.18","$17.94"
"4/10/2026","4/10/2026","4/10/2026","","External debit card transfer - withdrawal fee reversal","DCFD","","","$2.21"
"4/10/2026","4/10/2026","4/10/2026","","External debit card transfer - withdrawal reversal account ending in 5447","DCFD","","","$123.79"
"4/10/2026","4/10/2026","4/13/2026","QQQ","QQQ 4/10/2026 Put $610.00","BTO","2","$0.41","($82.08)"
"4/10/2026","4/10/2026","4/10/2026","","External debit card transfer - account ending in 5447","DCF","","","($123.79)"
"4/10/2026","4/10/2026","4/10/2026","","External debit card transfer - withdrawal fee","DCF","","","($2.21)"
"4/10/2026","4/10/2026","4/13/2026","QQQ","QQQ 4/10/2026 Put $610.00","STC","1","$0.48","$47.94"
"4/10/2026","4/10/2026","4/13/2026","QQQ","QQQ 4/10/2026 Call $612.00","BTO","3","$0.20","($60.12)"
"4/10/2026","4/10/2026","4/13/2026","QQQ","QQQ 4/10/2026 Call $611.00","STC","1","$0.55","$54.94"
"4/10/2026","4/10/2026","4/13/2026","QQQ","QQQ 4/10/2026 Call $611.00","BTO","1","$0.65","($65.04)"
"4/10/2026","4/10/2026","4/13/2026","QQQ","QQQ 4/10/2026 Put $610.00","BTO","1","$0.87","($87.04)"
"4/10/2026","4/10/2026","4/13/2026","QQQ","QQQ 4/10/2026 Put $611.00","STC","1","$1.65","$164.94"
"4/10/2026","4/10/2026","4/13/2026","QQQ","QQQ 4/10/2026 Call $612.00","STC","1","$0.53","$52.94"
"4/10/2026","4/10/2026","4/13/2026","QQQ","QQQ 4/10/2026 Call $612.00","BTO","1","$0.91","($91.04)"
"4/10/2026","4/10/2026","4/13/2026","QQQ","QQQ 4/10/2026 Call $613.00","STC","1","$0.51","$50.94"
"4/10/2026","4/10/2026","4/13/2026","QQQ","QQQ 4/10/2026 Put $611.00","BTO","1","$0.83","($83.04)"
"4/10/2026","4/10/2026","4/10/2026","","External debit card transfer - account ending in 5447","DCF","","","($73.69)"
"4/10/2026","4/10/2026","4/10/2026","","External debit card transfer - withdrawal fee","DCF","","","($1.31)"
"4/10/2026","4/10/2026","4/13/2026","QQQ","QQQ 4/10/2026 Call $614.00","STC","1","$0.44","$43.94"
"4/10/2026","4/10/2026","4/13/2026","QQQ","QQQ 4/10/2026 Put $611.00","STC","2","$0.78","$155.90"
"4/10/2026","4/10/2026","4/13/2026","QQQ","QQQ 4/10/2026 Call $614.00","STC","1","$0.43","$42.94"
"4/10/2026","4/10/2026","4/13/2026","QQQ","QQQ 4/10/2026 Put $611.00","BTO","2","$0.89","($178.08)"
"4/10/2026","4/10/2026","4/13/2026","QQQ","QQQ 4/10/2026 Call $613.00","BTO","1","$1.04","($104.04)"
"4/10/2026","4/10/2026","4/13/2026","QQQ","QQQ 4/10/2026 Put $611.00","STC","1","$0.93","$92.94"
"4/10/2026","4/10/2026","4/13/2026","QQQ","QQQ 4/10/2026 Call $614.00","BTO","2","$0.46","($92.08)"
"4/10/2026","4/10/2026","4/13/2026","QQQ","QQQ 4/10/2026 Call $613.00","STC","1","$0.50","$49.94"
"4/10/2026","4/10/2026","4/13/2026","QQQ","QQQ 4/10/2026 Put $611.00","BTO","1","$1.35","($135.04)"
"4/10/2026","4/10/2026","4/13/2026","QQQ","QQQ 4/10/2026 Call $613.00","BTO","1","$1.15","($115.04)"
"4/10/2026","4/10/2026","4/10/2026","","Gold Subscription Fee","GOLD","","","($5.00)"
"4/9/2026","4/9/2026","4/9/2026","","ACH REVERSAL","ACH","","","($31.06)"
"4/9/2026","4/9/2026","4/10/2026","QQQ","QQQ 4/9/2026 Call $608.00","STC","1","$1.97","$196.94"
"4/9/2026","4/9/2026","4/10/2026","QQQ","QQQ 4/9/2026 Call $608.00","STC","1","$1.09","$108.94"
"4/9/2026","4/9/2026","4/10/2026","QQQ","QQQ 4/9/2026 Put $603.00","STC","1","$0.26","$25.94"
"4/9/2026","4/9/2026","4/10/2026","QQQ","QQQ 4/9/2026 Put $605.00","STC","1","$0.50","$49.94"
"4/9/2026","4/9/2026","4/10/2026","","ACH Deposit","ACH","","","$150.00"
"4/9/2026","4/9/2026","4/10/2026","","ACH Deposit","ACH","","","$5.80"
"4/9/2026","4/9/2026","4/10/2026","QQQ","QQQ 4/9/2026 Call $608.00","BTO","2","$1.06","($212.08)"
"4/9/2026","4/9/2026","4/9/2026","","External debit card transfer - withdrawal fee","DCF","","","($1.00)"
"4/9/2026","4/9/2026","4/9/2026","","External debit card transfer - account ending in 5447","DCF","","","($29.00)"
"4/9/2026","4/9/2026","4/10/2026","QQQ","QQQ 4/9/2026 Put $603.00","BTO","1","$1.04","($104.04)"
"4/9/2026","4/9/2026","4/10/2026","QQQ","QQQ 4/9/2026 Call $606.00","STC","1","$1.43","$142.94"
"4/9/2026","4/9/2026","4/10/2026","QQQ","QQQ 4/9/2026 Call $606.00","BTO","1","$1.55","($155.04)"
"4/9/2026","4/9/2026","4/10/2026","QQQ","QQQ 4/9/2026 Call $608.00","STC","4","$0.65","$259.82"
"4/9/2026","4/9/2026","4/10/2026","QQQ","QQQ 4/9/2026 Put $605.00","BTO","1","$1.25","($125.04)"
"4/9/2026","4/9/2026","4/10/2026","QQQ","QQQ 4/9/2026 Call $608.00","BTO","3","$0.81","($243.12)"
"4/9/2026","4/9/2026","4/10/2026","QQQ","QQQ 4/9/2026 Put $604.00","STC","3","$0.82","$245.86"
"4/9/2026","4/9/2026","4/10/2026","QQQ","QQQ 4/9/2026 Call $608.00","BTO","1","$0.53","($53.04)"
"4/9/2026","4/9/2026","4/10/2026","QQQ","QQQ 4/9/2026 Call $607.00","STC","3","$0.86","$257.86"
"4/9/2026","4/9/2026","4/10/2026","QQQ","QQQ 4/9/2026 Put $604.00","BTO","3","$1.23","($369.12)"
"4/9/2026","4/9/2026","4/10/2026","QQQ","QQQ 4/9/2026 Call $607.00","BTO","1","$1.22","($122.04)"
"4/9/2026","4/9/2026","4/10/2026","QQQ","QQQ 4/9/2026 Call $607.00","BTO","1","$1.22","($122.04)"
"4/9/2026","4/9/2026","4/10/2026","QQQ","QQQ 4/9/2026 Call $607.00","BTO","1","$1.22","($122.04)"
"4/9/2026","4/9/2026","4/10/2026","QQQ","QQQ 4/9/2026 Call $607.00","STC","1","$1.13","$112.94"
"4/9/2026","4/9/2026","4/9/2026","","External debit card transfer - account ending in 5447","DCF","","","($24.00)"
"4/9/2026","4/9/2026","4/9/2026","","External debit card transfer - withdrawal fee","DCF","","","($1.00)"
"4/8/2026","4/8/2026","4/8/2026","","ACH REVERSAL","ACH","","","($230.00)"
"4/8/2026","4/8/2026","4/8/2026","","ACH REVERSAL","ACH","","","($90.00)"
"4/8/2026","4/8/2026","4/8/2026","","ACH REVERSAL","ACH","","","($156.66)"
"4/8/2026","4/8/2026","4/8/2026","","ACH REVERSAL","ACH","","","($80.00)"
"4/8/2026","4/8/2026","4/8/2026","","ACH REVERSAL","ACH","","","($150.00)"
"4/8/2026","4/8/2026","4/9/2026","QQQ","QQQ 4/9/2026 Put $587.00","STC","1","$0.11","$10.94"
"4/8/2026","4/8/2026","4/9/2026","QQQ","QQQ 4/9/2026 Put $587.00","BTO","1","$0.16","($16.04)"
"4/8/2026","4/8/2026","4/9/2026","QQQ","QQQ 4/9/2026 Call $607.00","BTO","1","$1.55","($155.04)"
"4/8/2026","4/8/2026","4/9/2026","QQQ","QQQ 4/8/2026 Put $604.00","STC","1","$0.42","$41.94"
"4/8/2026","4/8/2026","4/9/2026","QQQ","QQQ 4/8/2026 Call $604.00","STC","1","$0.44","$43.94"
"4/8/2026","4/8/2026","4/9/2026","QQQ","QQQ 4/8/2026 Put $604.00","BTO","1","$0.62","($62.04)"
"4/8/2026","4/8/2026","4/9/2026","QQQ","QQQ 4/8/2026 Put $603.00","STC","1","$0.28","$27.94"
"4/8/2026","4/8/2026","4/9/2026","QQQ","QQQ 4/8/2026 Put $603.00","BTO","1","$0.32","($32.04)"
"4/8/2026","4/8/2026","4/9/2026","QQQ","QQQ 4/8/2026 Put $605.00","STC","1","$1.50","$149.94"
"4/8/2026","4/8/2026","4/9/2026","QQQ","QQQ 4/8/2026 Call $604.00","BTO","1","$0.46","($46.04)"
"4/8/2026","4/8/2026","4/9/2026","QQQ","QQQ 4/8/2026 Put $605.00","BTO","1","$1.39","($139.04)"
"4/8/2026","4/8/2026","4/9/2026","QQQ","QQQ 4/8/2026 Call $604.00","STC","1","$0.74","$73.94"
"4/8/2026","4/8/2026","4/9/2026","QQQ","QQQ 4/8/2026 Put $603.00","STC","1","$0.49","$48.94"
"4/8/2026","4/8/2026","4/9/2026","QQQ","QQQ 4/8/2026 Call $604.00","BTO","1","$0.66","($66.04)"
"4/8/2026","4/8/2026","4/9/2026","QQQ","QQQ 4/8/2026 Put $603.00","BTO","1","$0.89","($89.04)"
"4/8/2026","4/8/2026","4/9/2026","QQQ","QQQ 4/8/2026 Put $605.00","STC","1","$2.30","$229.94"
"4/8/2026","4/8/2026","4/9/2026","QQQ","QQQ 4/8/2026 Call $607.00","STC","1","$0.10","$9.94"
"4/8/2026","4/8/2026","4/9/2026","QQQ","QQQ 4/8/2026 Call $607.00","BTO","1","$0.38","($38.04)"
"4/8/2026","4/8/2026","4/9/2026","QQQ","QQQ 4/8/2026 Put $605.00","STC","1","$0.80","$79.94"
"4/8/2026","4/8/2026","4/9/2026","QQQ","QQQ 4/8/2026 Call $608.00","STC","3","$0.23","$68.86"
"4/8/2026","4/8/2026","4/9/2026","QQQ","QQQ 4/8/2026 Call $608.00","BTO","1","$0.40","($40.04)"
"4/8/2026","4/8/2026","4/9/2026","QQQ","QQQ 4/8/2026 Call $608.00","BTO","1","$0.40","($40.04)"
"4/8/2026","4/8/2026","4/9/2026","QQQ","QQQ 4/8/2026 Call $608.00","BTO","1","$0.41","($41.04)"
"4/8/2026","4/8/2026","4/9/2026","QQQ","QQQ 4/8/2026 Put $605.00","BTO","2","$0.73","($146.08)"
"4/8/2026","4/8/2026","4/9/2026","QQQ","QQQ 4/8/2026 Call $607.00","STC","1","$1.33","$132.94"
"4/8/2026","4/8/2026","4/9/2026","QQQ","QQQ 4/8/2026 Call $606.00","STC","1","$1.73","$172.94"
"4/8/2026","4/8/2026","4/9/2026","QQQ","QQQ 4/8/2026 Call $607.00","STC","1","$0.81","$80.94"
"4/8/2026","4/8/2026","4/9/2026","QQQ","QQQ 4/8/2026 Call $606.00","BTO","1","$1.27","($127.04)"
"4/8/2026","4/8/2026","4/9/2026","QQQ","QQQ 4/8/2026 Put $605.00","STC","1","$1.20","$119.94"
"4/8/2026","4/8/2026","4/9/2026","QQQ","QQQ 4/8/2026 Call $607.00","BTO","1","$0.55","($55.04)"
"4/8/2026","4/8/2026","4/9/2026","QQQ","QQQ 4/8/2026 Call $607.00","BTO","1","$0.55","($55.04)"
"4/8/2026","4/8/2026","4/9/2026","QQQ","QQQ 4/8/2026 Put $605.00","BTO","1","$1.78","($178.04)"
"4/8/2026","4/8/2026","4/9/2026","QQQ","QQQ 4/8/2026 Call $605.00","STC","1","$1.10","$109.94"
"4/8/2026","4/8/2026","4/9/2026","QQQ","QQQ 4/8/2026 Put $604.00","STC","2","$1.33","$265.90"
"4/8/2026","4/8/2026","4/9/2026","QQQ","QQQ 4/8/2026 Put $604.00","BTO","2","$1.46","($292.08)"
"4/8/2026","4/8/2026","4/9/2026","QQQ","QQQ 4/8/2026 Put $604.00","STC","1","$1.40","$139.94"
"4/8/2026","4/8/2026","4/9/2026","QQQ","QQQ 4/8/2026 Call $605.00","BTO","1","$1.17","($117.04)"
"4/8/2026","4/8/2026","4/9/2026","QQQ","QQQ 4/8/2026 Put $604.00","STC","1","$2.24","$223.94"
"4/8/2026","4/8/2026","4/9/2026","QQQ","QQQ 4/8/2026 Put $604.00","STC","1","$1.81","$180.94"
"4/8/2026","4/8/2026","4/9/2026","QQQ","QQQ 4/8/2026 Call $608.00","STC","1","$0.24","$23.94"
"4/8/2026","4/8/2026","4/9/2026","QQQ","QQQ 4/8/2026 Call $608.00","BTO","1","$0.48","($48.04)"
"4/8/2026","4/8/2026","4/9/2026","QQQ","QQQ 4/8/2026 Put $604.00","BTO","3","$1.46","($438.12)"
"4/8/2026","4/8/2026","4/8/2026","","External debit card transfer - account ending in 5447","DCF","","","($29.00)"
"4/8/2026","4/8/2026","4/8/2026","","External debit card transfer - withdrawal fee","DCF","","","($1.00)"
"4/7/2026","4/7/2026","4/8/2026","QQQ","QQQ 4/7/2026 Call $593.00","STC","1","$0.09","$8.94"
"4/7/2026","4/7/2026","4/8/2026","QQQ","QQQ 4/7/2026 Call $587.00","STC","1","$0.17","$16.94"
"4/7/2026","4/7/2026","4/8/2026","QQQ","QQQ 4/7/2026 Call $587.00","BTO","1","$0.25","($25.04)"
"4/7/2026","4/7/2026","4/8/2026","","ACH Deposit","ACH","","","$31.06"
"4/7/2026","4/7/2026","4/8/2026","QQQ","QQQ 4/7/2026 Put $580.00","STC","1","$0.14","$13.94"
"4/7/2026","4/7/2026","4/8/2026","QQQ","QQQ 4/7/2026 Put $580.00","BTO","1","$0.41","($41.04)"
"4/7/2026","4/7/2026","4/8/2026","QQQ","QQQ 4/7/2026 Put $583.00","STC","1","$1.54","$153.94"
"4/7/2026","4/7/2026","4/8/2026","QQQ","QQQ 4/7/2026 Put $584.00","STC","1","$2.40","$239.94"
"4/7/2026","4/7/2026","4/8/2026","QQQ","QQQ 4/7/2026 Put $583.00","BTO","1","$0.70","($70.04)"
"4/7/2026","4/7/2026","4/8/2026","QQQ","QQQ 4/7/2026 Call $586.00","STC","1","$0.34","$33.94"
"4/7/2026","4/7/2026","4/8/2026","QQQ","QQQ 4/7/2026 Put $584.00","BTO","1","$0.81","($81.04)"
"4/7/2026","4/7/2026","4/8/2026","QQQ","QQQ 4/7/2026 Call $586.00","BTO","1","$0.69","($69.04)"
"4/7/2026","4/7/2026","4/8/2026","QQQ","QQQ 4/7/2026 Put $584.00","STC","2","$0.72","$143.90"
"4/7/2026","4/7/2026","4/8/2026","QQQ","QQQ 4/7/2026 Put $584.00","BTO","2","$0.84","($168.08)"
"4/7/2026","4/7/2026","4/8/2026","QQQ","QQQ 4/7/2026 Call $585.00","STC","2","$1.07","$213.90"
"4/7/2026","4/7/2026","4/8/2026","QQQ","QQQ 4/7/2026 Call $585.00","BTO","2","$0.99","($198.08)"
"4/7/2026","4/7/2026","4/8/2026","QQQ","QQQ 4/7/2026 Call $586.00","STC","1","$0.88","$87.94"
"4/7/2026","4/7/2026","4/8/2026","QQQ","QQQ 4/7/2026 Call $586.00","BTO","1","$1.07","($107.04)"
"4/7/2026","4/7/2026","4/8/2026","QQQ","QQQ 4/7/2026 Put $585.00","STC","1","$0.95","$94.94"
"4/7/2026","4/7/2026","4/8/2026","QQQ","QQQ 4/7/2026 Call $586.00","STC","1","$1.00","$99.94"
"4/7/2026","4/7/2026","4/8/2026","QQQ","QQQ 4/7/2026 Put $585.00","BTO","1","$1.07","($107.04)"
"4/7/2026","4/7/2026","4/8/2026","QQQ","QQQ 4/7/2026 Call $586.00","BTO","1","$1.86","($186.04)"
"4/7/2026","4/7/2026","4/8/2026","QQQ","QQQ 4/7/2026 Put $582.00","STC","2","$0.27","$53.90"
"4/7/2026","4/7/2026","4/8/2026","QQQ","QQQ 4/7/2026 Put $585.00","STC","1","$0.95","$94.94"
"4/7/2026","4/7/2026","4/8/2026","QQQ","QQQ 4/7/2026 Put $582.00","BTO","2","$0.56","($112.08)"
"4/7/2026","4/7/2026","4/8/2026","QQQ","QQQ 4/7/2026 Call $588.00","STC","1","$0.38","$37.94"
"4/7/2026","4/7/2026","4/8/2026","QQQ","QQQ 4/7/2026 Call $588.00","BTO","1","$0.51","($51.04)"
"4/7/2026","4/7/2026","4/8/2026","QQQ","QQQ 4/7/2026 Put $585.00","BTO","1","$1.57","($157.04)"
"4/7/2026","4/7/2026","4/8/2026","QQQ","QQQ 4/7/2026 Call $585.00","STC","1","$1.56","$155.94"
"4/7/2026","4/7/2026","4/8/2026","QQQ","QQQ 4/7/2026 Call $585.00","BTO","1","$1.69","($169.04)"
"4/7/2026","4/7/2026","4/8/2026","QQQ","QQQ 4/7/2026 Call $583.00","STC","1","$2.87","$286.94"
"4/7/2026","4/7/2026","4/8/2026","QQQ","QQQ 4/7/2026 Call $583.00","BTO","1","$1.34","($134.04)"
"4/7/2026","4/7/2026","4/8/2026","QQQ","QQQ 4/7/2026 Put $580.00","STC","1","$1.35","$134.94"
"4/7/2026","4/7/2026","4/8/2026","QQQ","QQQ 4/7/2026 Put $580.00","BTO","1","$1.60","($160.04)"
"4/7/2026","4/7/2026","4/8/2026","QQQ","QQQ 4/7/2026 Put $583.00","STC","1","$3.65","$364.94"
"4/7/2026","4/7/2026","4/8/2026","QQQ","QQQ 4/7/2026 Put $583.00","BTO","1","$1.92","($192.04)"
"4/6/2026","4/6/2026","4/7/2026","QQQ","Option Expiration for QQQ 4/6/2026 Put $577.00","OEXP","1S","",""
"4/6/2026","4/6/2026","4/7/2026","QQQ","QQQ 4/6/2026 Put $583.00","STC","1","$0.02","$1.94"
"4/6/2026","4/6/2026","4/7/2026","QQQ","QQQ 4/6/2026 Put $586.00","STC","2","$0.41","$81.90"
"4/6/2026","4/6/2026","4/7/2026","QQQ","QQQ 4/7/2026 Put $577.00","STC","1","$0.63","$62.94"
"4/6/2026","4/6/2026","4/7/2026","QQQ","QQQ 4/7/2026 Call $593.00","BTO","1","$0.74","($74.04)"
"4/6/2026","4/6/2026","4/7/2026","","ACH Deposit","ACH","","","$80.00"
"4/6/2026","4/6/2026","4/7/2026","QQQ","QQQ 4/6/2026 Put $583.00","BTO","1","$0.22","($22.04)"
"4/6/2026","4/6/2026","4/7/2026","QQQ","QQQ 4/6/2026 Put $586.00","BTO","1","$0.62","($62.04)"
"4/6/2026","4/6/2026","4/7/2026","QQQ","QQQ 4/6/2026 Put $586.00","BTO","1","$0.62","($62.04)"
"4/6/2026","4/6/2026","4/7/2026","QQQ","QQQ 4/7/2026 Call $592.00","STC","1","$1.08","$107.94"
"4/6/2026","4/6/2026","4/7/2026","","ACH Deposit","ACH","","","$150.00"
"4/6/2026","4/6/2026","4/7/2026","QQQ","QQQ 4/7/2026 Call $592.00","BTO","1","$1.08","($108.04)"
"4/6/2026","4/6/2026","4/7/2026","","ACH Deposit","ACH","","","$90.00"
"4/6/2026","4/6/2026","4/7/2026","QQQ","QQQ 4/6/2026 Call $592.00","STC","1","$0.07","$6.94"
"4/6/2026","4/6/2026","4/7/2026","QQQ","QQQ 4/7/2026 Call $590.00","STC","1","$1.38","$137.94"
"4/6/2026","4/6/2026","4/7/2026","QQQ","QQQ 4/6/2026 Call $588.00","STC","2","$0.56","$111.90"
"4/6/2026","4/6/2026","4/7/2026","QQQ","QQQ 4/7/2026 Put $577.00","BTO","1","$0.70","($70.04)"
"4/6/2026","4/6/2026","4/7/2026","QQQ","QQQ 4/7/2026 Call $590.00","BTO","1","$1.88","($188.04)"
"4/6/2026","4/6/2026","4/7/2026","","ACH Deposit","ACH","","","$230.00"
"4/6/2026","4/6/2026","4/7/2026","QQQ","QQQ 4/6/2026 Put $583.00","STC","1","$0.25","$24.94"
"4/6/2026","4/6/2026","4/7/2026","QQQ","QQQ 4/6/2026 Call $588.00","BTO","2","$0.83","($166.08)"
"4/6/2026","4/6/2026","4/7/2026","QQQ","QQQ 4/6/2026 Put $582.00","STC","1","$0.26","$25.94"
"4/6/2026","4/6/2026","4/7/2026","","ACH Deposit","ACH","","","$156.66"
"4/6/2026","4/6/2026","4/7/2026","QQQ","QQQ 4/6/2026 Call $587.00","STC","1","$1.20","$119.94"
"4/6/2026","4/6/2026","4/7/2026","QQQ","QQQ 4/6/2026 Call $592.00","STC","4","$0.14","$55.82"
"4/6/2026","4/6/2026","4/7/2026","QQQ","QQQ 4/6/2026 Put $582.00","BTO","1","$0.34","($34.04)"
"4/6/2026","4/6/2026","4/7/2026","QQQ","QQQ 4/6/2026 Put $583.00","BTO","1","$0.47","($47.04)"
"4/6/2026","4/6/2026","4/7/2026","QQQ","QQQ 4/6/2026 Put $582.00","STC","1","$0.33","$32.94"
"4/6/2026","4/6/2026","4/7/2026","QQQ","QQQ 4/6/2026 Put $582.00","STC","1","$0.35","$34.94"
"4/6/2026","4/6/2026","4/7/2026","QQQ","QQQ 4/6/2026 Put $582.00","BTO","2","$0.43","($86.08)"
"4/6/2026","4/6/2026","4/7/2026","QQQ","QQQ 4/6/2026 Call $592.00","BTO","5","$0.17","($85.20)"
"4/6/2026","4/6/2026","4/7/2026","QQQ","QQQ 4/6/2026 Put $586.00","STC","1","$1.20","$119.94"
"4/6/2026","4/6/2026","4/7/2026","QQQ","QQQ 4/6/2026 Put $584.00","STC","1","$0.70","$69.94"
"4/6/2026","4/6/2026","4/7/2026","QQQ","QQQ 4/6/2026 Call $587.00","BTO","1","$1.61","($161.04)"
"4/6/2026","4/6/2026","4/7/2026","QQQ","QQQ 4/6/2026 Put $586.00","BTO","1","$1.53","($153.04)"
"4/6/2026","4/6/2026","4/7/2026","QQQ","QQQ 4/6/2026 Call $589.00","STC","1","$0.76","$75.94"
"4/6/2026","4/6/2026","4/7/2026","QQQ","QQQ 4/6/2026 Call $592.00","STC","3","$0.20","$59.86"
"4/6/2026","4/6/2026","4/7/2026","QQQ","QQQ 4/6/2026 Put $584.00","BTO","1","$0.67","($67.04)"
"4/6/2026","4/6/2026","4/7/2026","QQQ","QQQ 4/6/2026 Put $586.00","STC","1","$1.03","$102.94"
"4/6/2026","4/6/2026","4/7/2026","QQQ","QQQ 4/6/2026 Call $592.00","BTO","3","$0.36","($108.12)"
"4/6/2026","4/6/2026","4/7/2026","QQQ","QQQ 4/6/2026 Put $587.00","STC","1","$1.38","$137.94"
"4/6/2026","4/6/2026","4/7/2026","QQQ","QQQ 4/6/2026 Put $587.00","BTO","1","$1.79","($179.04)"
"4/6/2026","4/6/2026","4/7/2026","QQQ","QQQ 4/6/2026 Call $594.00","STC","4","$0.14","$55.82"
"4/6/2026","4/6/2026","4/7/2026","QQQ","QQQ 4/6/2026 Call $590.00","STC","1","$0.69","$68.94"
"4/6/2026","4/6/2026","4/7/2026","QQQ","QQQ 4/6/2026 Put $586.00","BTO","1","$0.98","($98.04)"
"4/6/2026","4/6/2026","4/7/2026","QQQ","QQQ 4/6/2026 Call $589.00","BTO","1","$1.41","($141.04)"
"4/6/2026","4/6/2026","4/7/2026","QQQ","QQQ 4/6/2026 Put $585.00","STC","1","$0.64","$63.94"
"4/6/2026","4/6/2026","4/7/2026","QQQ","QQQ 4/6/2026 Call $594.00","BTO","3","$0.20","($60.12)"
"4/6/2026","4/6/2026","4/7/2026","QQQ","QQQ 4/6/2026 Call $594.00","BTO","1","$0.20","($20.04)"
"4/6/2026","4/6/2026","4/7/2026","QQQ","QQQ 4/6/2026 Put $584.00","STC","2","$0.62","$123.90"
"4/6/2026","4/6/2026","4/7/2026","QQQ","QQQ 4/6/2026 Call $590.00","BTO","1","$0.83","($83.04)"
"4/6/2026","4/6/2026","4/6/2026","","External debit card transfer - withdrawal fee","DCF","","","($1.00)"
"4/6/2026","4/6/2026","4/6/2026","","External debit card transfer - account ending in 5447","DCF","","","($49.00)"
"4/6/2026","4/6/2026","4/7/2026","QQQ","QQQ 4/6/2026 Put $584.00","BTO","2","$0.98","($196.08)"
"4/6/2026","4/6/2026","4/7/2026","QQQ","QQQ 4/6/2026 Call $589.00","STC","1","$1.24","$123.94"
"4/6/2026","4/6/2026","4/7/2026","QQQ","QQQ 4/6/2026 Put $585.00","BTO","1","$0.81","($81.04)"
"4/6/2026","4/6/2026","4/7/2026","QQQ","QQQ 4/6/2026 Call $589.00","BTO","1","$2.12","($212.04)"
"4/6/2026","4/6/2026","4/7/2026","QQQ","QQQ 4/6/2026 Call $589.00","STC","1","$1.83","$182.94"
"4/6/2026","4/6/2026","4/7/2026","QQQ","QQQ 4/6/2026 Call $589.00","BTO","1","$2.31","($231.04)"
"4/6/2026","4/6/2026","4/6/2026","","External debit card transfer - account ending in 5447","DCF","","","($24.00)"
"4/6/2026","4/6/2026","4/6/2026","","External debit card transfer - withdrawal fee","DCF","","","($1.00)"
"4/6/2026","4/6/2026","4/6/2026","","ACH REVERSAL","ACH","","","($99.08)"
"4/6/2026","4/6/2026","4/6/2026","","ACH REVERSAL","ACH","","","($75.00)"
"4/6/2026","4/6/2026","4/6/2026","","ACH REVERSAL","ACH","","","($90.00)"
"4/6/2026","4/6/2026","4/6/2026","","ACH REVERSAL","ACH","","","($57.04)"
"4/2/2026","4/2/2026","4/6/2026","NEE","Option Expiration for NEE 4/2/2026 Call $99.00","OEXP","2S","",""
"4/2/2026","4/2/2026","4/2/2026","","ACH REVERSAL","ACH","","","($75.00)"
"4/2/2026","4/2/2026","4/2/2026","","ACH REVERSAL","ACH","","","($80.00)"
"4/2/2026","4/2/2026","4/2/2026","","ACH REVERSAL","ACH","","","($100.00)"
"4/2/2026","4/2/2026","4/2/2026","","ACH REVERSAL","ACH","","","($26.00)"
"4/2/2026","4/2/2026","4/2/2026","","ACH REVERSAL","ACH","","","($117.00)"
"4/2/2026","4/2/2026","4/6/2026","QQQ","QQQ 4/6/2026 Call $588.00","STC","1","$2.68","$267.95"
"4/2/2026","4/2/2026","4/6/2026","QQQ","QQQ 4/6/2026 Put $577.00","BTO","1","$1.92","($192.04)"
"4/2/2026","4/2/2026","4/6/2026","QQQ","QQQ 4/6/2026 Call $588.00","BTO","1","$2.73","($273.04)"
"4/2/2026","4/2/2026","4/6/2026","QQQ","QQQ 4/2/2026 Call $584.00","STC","1","$0.13","$12.95"
"4/2/2026","4/2/2026","4/6/2026","QQQ","QQQ 4/2/2026 Call $584.00","STC","2","$0.13","$25.91"
"4/2/2026","4/2/2026","4/6/2026","QQQ","QQQ 4/2/2026 Put $584.00","STC","2","$0.78","$155.91"
"4/2/2026","4/2/2026","4/6/2026","QQQ","QQQ 4/2/2026 Put $583.00","STC","1","$0.31","$30.95"
"4/2/2026","4/2/2026","4/6/2026","QQQ","QQQ 4/2/2026 Call $584.00","BTO","1","$0.23","($23.04)"
"4/2/2026","4/2/2026","4/6/2026","QQQ","QQQ 4/2/2026 Call $584.00","BTO","1","$0.23","($23.04)"
"4/2/2026","4/2/2026","4/6/2026","QQQ","QQQ 4/2/2026 Put $583.00","BTO","1","$0.55","($55.04)"
"4/2/2026","4/2/2026","4/6/2026","QQQ","QQQ 4/2/2026 Call $584.00","BTO","1","$0.26","($26.04)"
"4/2/2026","4/2/2026","4/6/2026","QQQ","QQQ 4/2/2026 Put $584.00","BTO","2","$1.24","($248.08)"
"4/2/2026","4/2/2026","4/2/2026","","External debit card transfer - withdrawal fee","DCF","","","($5.25)"
"4/2/2026","4/2/2026","4/2/2026","","External debit card transfer - account ending in 5447","DCF","","","($294.75)"
"4/2/2026","4/2/2026","4/6/2026","QQQ","QQQ 4/2/2026 Put $579.00","STC","1","$0.49","$48.95"
"4/2/2026","4/2/2026","4/6/2026","QQQ","QQQ 4/2/2026 Call $586.00","STC","1","$0.42","$41.95"
"4/2/2026","4/2/2026","4/6/2026","QQQ","QQQ 4/2/2026 Call $586.00","BTO","1","$0.75","($75.04)"
"4/2/2026","4/2/2026","4/6/2026","QQQ","QQQ 4/2/2026 Call $585.00","STC","1","$0.85","$84.95"
"4/2/2026","4/2/2026","4/6/2026","QQQ","QQQ 4/2/2026 Put $579.00","BTO","1","$0.86","($86.04)"
"4/2/2026","4/2/2026","4/6/2026","QQQ","QQQ 4/2/2026 Put $579.00","STC","1","$0.68","$67.95"
"4/2/2026","4/2/2026","4/6/2026","QQQ","QQQ 4/2/2026 Put $579.00","BTO","1","$1.16","($116.04)"
"4/2/2026","4/2/2026","4/6/2026","QQQ","QQQ 4/2/2026 Call $585.00","BTO","1","$2.04","($204.04)"
"4/2/2026","4/2/2026","4/6/2026","QQQ","QQQ 4/2/2026 Put $579.00","STC","1","$1.05","$104.95"
"4/2/2026","4/2/2026","4/6/2026","QQQ","QQQ 4/2/2026 Call $588.00","STC","2","$0.95","$189.91"
"4/2/2026","4/2/2026","4/6/2026","QQQ","QQQ 4/2/2026 Put $579.00","BTO","1","$1.21","($121.04)"
"4/2/2026","4/2/2026","4/6/2026","QQQ","QQQ 4/2/2026 Call $588.00","BTO","2","$1.22","($244.08)"
"4/2/2026","4/2/2026","4/6/2026","QQQ","QQQ 4/2/2026 Put $583.00","STC","1","$2.20","$219.95"
"4/2/2026","4/2/2026","4/6/2026","QQQ","QQQ 4/2/2026 Put $583.00","BTO","1","$2.84","($284.04)"
"4/2/2026","4/2/2026","4/6/2026","QQQ","QQQ 4/2/2026 Call $583.00","STC","1","$3.12","$311.95"
"4/2/2026","4/2/2026","4/6/2026","QQQ","QQQ 4/2/2026 Call $581.00","STC","1","$4.78","$477.95"
"4/2/2026","4/2/2026","4/6/2026","QQQ","QQQ 4/2/2026 Call $583.00","BTO","1","$1.10","($110.04)"
"4/2/2026","4/2/2026","4/6/2026","QQQ","QQQ 4/2/2026 Put $578.00","STC","1","$1.65","$164.95"
"4/2/2026","4/2/2026","4/6/2026","QQQ","QQQ 4/2/2026 Call $581.00","BTO","1","$1.12","($112.04)"
"4/2/2026","4/2/2026","4/6/2026","QQQ","QQQ 4/2/2026 Put $578.00","BTO","1","$2.04","($204.04)"
"4/2/2026","4/2/2026","4/6/2026","QQQ","QQQ 4/2/2026 Call $583.00","STC","3","$0.68","$203.87"
"4/2/2026","4/2/2026","4/6/2026","QQQ","QQQ 4/2/2026 Call $583.00","BTO","2","$0.58","($116.08)"
"4/2/2026","4/2/2026","4/6/2026","QQQ","QQQ 4/2/2026 Call $583.00","BTO","1","$0.58","($58.04)"
"4/2/2026","4/2/2026","4/6/2026","QQQ","QQQ 4/2/2026 Call $578.00","STC","1","$2.44","$243.95"
"4/2/2026","4/2/2026","4/6/2026","QQQ","QQQ 4/2/2026 Call $578.00","STC","1","$2.30","$229.95"
"4/2/2026","4/2/2026","4/6/2026","QQQ","QQQ 4/2/2026 Call $578.00","BTO","2","$1.55","($310.08)"
"4/1/2026","4/1/2026","4/2/2026","QQQ","QQQ 4/1/2026 Put $582.00","STC","1","$0.03","$2.95"
"4/1/2026","4/1/2026","4/2/2026","QQQ","QQQ 4/1/2026 Call $589.00","STC","1","$0.01","$0.95"
"4/1/2026","4/1/2026","4/2/2026","SPY","SPY 4/1/2026 Call $659.00","STC","2","$0.02","$3.91"
"4/1/2026","4/1/2026","4/1/2026","","External debit card transfer - account ending in 9768","DCF","","","$68.08"
"4/1/2026","4/1/2026","4/2/2026","QQQ","QQQ 4/1/2026 Put $582.00","BTO","1","$0.66","($66.04)"
"4/1/2026","4/1/2026","4/2/2026","QQQ","QQQ 4/1/2026 Put $585.00","STC","1","$1.96","$195.95"
"4/1/2026","4/1/2026","4/2/2026","QQQ","QQQ 4/1/2026 Put $586.00","STC","1","$2.40","$239.95"
"4/1/2026","4/1/2026","4/2/2026","QQQ","QQQ 4/1/2026 Call $587.00","STC","1","$0.28","$27.95"
"4/1/2026","4/1/2026","4/2/2026","QQQ","QQQ 4/1/2026 Call $588.00","STC","2","$0.20","$39.91"
"4/1/2026","4/1/2026","4/2/2026","","ACH Deposit","ACH","","","$90.00"
"4/1/2026","4/1/2026","4/2/2026","QQQ","QQQ 4/1/2026 Put $586.00","BTO","1","$1.06","($106.04)"
"4/1/2026","4/1/2026","4/2/2026","QQQ","QQQ 4/1/2026 Call $589.00","STC","2","$0.12","$23.91"
"4/1/2026","4/1/2026","4/2/2026","QQQ","QQQ 4/1/2026 Put $586.00","STC","1","$0.71","$70.95"
"4/1/2026","4/1/2026","4/2/2026","QQQ","QQQ 4/1/2026 Put $585.00","BTO","1","$0.38","($38.04)"
"4/1/2026","4/1/2026","4/2/2026","","ACH Deposit","ACH","","","$57.04"
"4/1/2026","4/1/2026","4/2/2026","SPY","SPY 4/1/2026 Call $659.00","BTO","2","$0.49","($98.08)"
"4/1/2026","4/1/2026","4/2/2026","","ACH Deposit","ACH","","","$99.08"
"4/1/2026","4/1/2026","4/2/2026","","ACH Deposit","ACH","","","$34.64"
"4/1/2026","4/1/2026","4/2/2026","QQQ","QQQ 4/1/2026 Put $586.00","BTO","1","$0.35","($35.04)"
"4/1/2026","4/1/2026","4/2/2026","QQQ","QQQ 4/1/2026 Call $588.00","BTO","1","$0.57","($57.04)"
"4/1/2026","4/1/2026","4/2/2026","QQQ","QQQ 4/1/2026 Call $588.00","BTO","1","$0.57","($57.04)"
"4/1/2026","4/1/2026","4/2/2026","","ACH Deposit","ACH","","","$75.00"
"4/1/2026","4/1/2026","4/2/2026","QQQ","QQQ 4/1/2026 Put $582.00","STC","2","$0.12","$23.91"
"4/1/2026","4/1/2026","4/2/2026","QQQ","QQQ 4/1/2026 Put $586.00","STC","1","$0.74","$73.95"
"4/1/2026","4/1/2026","4/2/2026","QQQ","QQQ 4/1/2026 Call $589.00","BTO","3","$0.29","($87.12)"
"4/1/2026","4/1/2026","4/2/2026","QQQ","QQQ 4/1/2026 Call $588.00","STC","3","$0.51","$152.87"
"4/1/2026","4/1/2026","4/2/2026","QQQ","QQQ 4/1/2026 Call $589.00","STC","3","$0.24","$71.87"
"4/1/2026","4/1/2026","4/2/2026","QQQ","QQQ 4/1/2026 Call $589.00","BTO","3","$0.28","($84.12)"
"4/1/2026","4/1/2026","4/2/2026","QQQ","QQQ 4/1/2026 Call $592.00","STC","1","$0.07","$6.95"
"4/1/2026","4/1/2026","4/2/2026","QQQ","QQQ 4/1/2026 Call $592.00","STC","1","$0.07","$6.95"
"4/1/2026","4/1/2026","4/2/2026","QQQ","QQQ 4/1/2026 Call $592.00","STC","5","$0.07","$34.78"
"4/1/2026","4/1/2026","4/2/2026","QQQ","QQQ 4/1/2026 Call $592.00","STC","2","$0.07","$13.91"
"4/1/2026","4/1/2026","4/2/2026","QQQ","QQQ 4/1/2026 Call $592.00","STC","1","$0.07","$6.95"
"4/1/2026","4/1/2026","4/2/2026","QQQ","QQQ 4/1/2026 Call $587.00","BTO","1","$1.11","($111.04)"
"4/1/2026","4/1/2026","4/2/2026","QQQ","QQQ 4/1/2026 Put $582.00","BTO","1","$0.18","($18.04)"
"4/1/2026","4/1/2026","4/2/2026","QQQ","QQQ 4/1/2026 Put $582.00","BTO","1","$0.18","($18.04)"
"4/1/2026","4/1/2026","4/2/2026","QQQ","QQQ 4/1/2026 Call $592.00","BTO","1","$0.08","($8.04)"
"4/1/2026","4/1/2026","4/2/2026","QQQ","QQQ 4/1/2026 Call $592.00","BTO","1","$0.08","($8.04)"
"4/1/2026","4/1/2026","4/2/2026","QQQ","QQQ 4/1/2026 Call $592.00","BTO","8","$0.08","($64.32)"
"4/1/2026","4/1/2026","4/2/2026","QQQ","QQQ 4/1/2026 Put $584.00","STC","2","$0.33","$65.91"
"4/1/2026","4/1/2026","4/2/2026","QQQ","QQQ 4/1/2026 Call $588.00","BTO","2","$0.64","($128.08)"
"4/1/2026","4/1/2026","4/2/2026","QQQ","QQQ 4/1/2026 Call $588.00","BTO","1","$0.53","($53.04)"
"4/1/2026","4/1/2026","4/2/2026","QQQ","QQQ 4/1/2026 Call $588.00","STC","1","$0.51","$50.95"
"4/1/2026","4/1/2026","4/2/2026","QQQ","QQQ 4/1/2026 Call $588.00","STC","1","$0.51","$50.95"
"4/1/2026","4/1/2026","4/2/2026","QQQ","QQQ 4/1/2026 Call $591.00","STC","15","$0.10","$149.35"
"4/1/2026","4/1/2026","4/2/2026","QQQ","QQQ 4/1/2026 Put $586.00","BTO","1","$0.92","($92.04)"
"4/1/2026","4/1/2026","4/2/2026","QQQ","QQQ 4/1/2026 Put $584.00","BTO","2","$0.38","($76.08)"
"4/1/2026","4/1/2026","4/2/2026","QQQ","QQQ 4/1/2026 Call $587.00","STC","1","$1.04","$103.95"
"4/1/2026","4/1/2026","4/2/2026","QQQ","QQQ 4/1/2026 Put $586.00","STC","1","$0.74","$73.95"
"4/1/2026","4/1/2026","4/2/2026","QQQ","QQQ 4/1/2026 Put $586.00","BTO","1","$0.83","($83.04)"
"4/1/2026","4/1/2026","4/2/2026","QQQ","QQQ 4/1/2026 Put $585.00","STC","1","$0.60","$59.95"
"4/1/2026","4/1/2026","4/2/2026","QQQ","QQQ 4/1/2026 Put $582.00","STC","2","$0.26","$51.91"
"4/1/2026","4/1/2026","4/2/2026","QQQ","QQQ 4/1/2026 Put $582.00","BTO","2","$0.30","($60.08)"
"4/1/2026","4/1/2026","4/2/2026","QQQ","QQQ 4/1/2026 Call $591.00","BTO","1","$0.08","($8.04)"
"4/1/2026","4/1/2026","4/2/2026","QQQ","QQQ 4/1/2026 Call $591.00","BTO","1","$0.08","($8.04)"
"4/1/2026","4/1/2026","4/2/2026","QQQ","QQQ 4/1/2026 Call $591.00","BTO","1","$0.08","($8.04)"
"4/1/2026","4/1/2026","4/2/2026","QQQ","QQQ 4/1/2026 Call $591.00","BTO","3","$0.08","($24.12)"
"4/1/2026","4/1/2026","4/2/2026","QQQ","QQQ 4/1/2026 Call $591.00","BTO","9","$0.08","($72.36)"
"4/1/2026","4/1/2026","4/2/2026","QQQ","QQQ 4/1/2026 Put $585.00","BTO","1","$1.07","($107.04)"
"4/1/2026","4/1/2026","4/2/2026","QQQ","QQQ 4/1/2026 Put $585.00","STC","1","$0.90","$89.95"
"4/1/2026","4/1/2026","4/2/2026","QQQ","QQQ 4/1/2026 Put $580.00","STC","4","$0.24","$95.83"
"4/1/2026","4/1/2026","4/2/2026","QQQ","QQQ 4/1/2026 Put $584.00","STC","1","$0.76","$75.95"
"4/1/2026","4/1/2026","4/2/2026","QQQ","QQQ 4/1/2026 Call $588.00","BTO","2","$0.54","($108.08)"
"4/1/2026","4/1/2026","4/2/2026","QQQ","QQQ 4/1/2026 Call $587.00","BTO","1","$0.74","($74.04)"
"4/1/2026","4/1/2026","4/2/2026","QQQ","QQQ 4/1/2026 Put $584.00","BTO","1","$1.04","($104.04)"
"4/1/2026","4/1/2026","4/2/2026","QQQ","QQQ 4/1/2026 Call $587.00","STC","1","$0.72","$71.95"
"4/1/2026","4/1/2026","4/2/2026","QQQ","QQQ 4/1/2026 Call $589.00","STC","3","$0.26","$77.87"
"4/1/2026","4/1/2026","4/2/2026","QQQ","QQQ 4/1/2026 Put $580.00","BTO","2","$0.31","($62.08)"
"4/1/2026","4/1/2026","4/2/2026","QQQ","QQQ 4/1/2026 Put $580.00","BTO","2","$0.31","($62.08)"
"4/1/2026","4/1/2026","4/2/2026","QQQ","QQQ 4/1/2026 Call $589.00","BTO","3","$0.29","($87.12)"
"4/1/2026","4/1/2026","4/2/2026","QQQ","QQQ 4/1/2026 Put $582.00","STC","3","$0.46","$137.87"
"4/1/2026","4/1/2026","4/2/2026","QQQ","QQQ 4/1/2026 Call $589.00","STC","3","$0.30","$89.87"
"4/1/2026","4/1/2026","4/2/2026","QQQ","QQQ 4/1/2026 Call $589.00","BTO","3","$0.33","($99.12)"
"4/1/2026","4/1/2026","4/2/2026","QQQ","QQQ 4/1/2026 Call $587.00","BTO","1","$0.81","($81.04)"
"4/1/2026","4/1/2026","4/2/2026","QQQ","QQQ 4/1/2026 Put $582.00","BTO","3","$0.55","($165.12)"
"4/1/2026","4/1/2026","4/2/2026","QQQ","QQQ 4/1/2026 Call $592.00","STC","5","$0.09","$44.78"
"4/1/2026","4/1/2026","4/2/2026","QQQ","QQQ 4/1/2026 Call $592.00","STC","1","$0.09","$8.95"
"4/1/2026","4/1/2026","4/2/2026","QQQ","QQQ 4/1/2026 Put $585.00","BTO","1","$1.15","($115.04)"
"4/1/2026","4/1/2026","4/2/2026","QQQ","QQQ 4/1/2026 Call $586.00","STC","2","$1.35","$269.91"
"4/1/2026","4/1/2026","4/2/2026","QQQ","QQQ 4/1/2026 Put $579.00","STC","1","$0.31","$30.95"
"4/1/2026","4/1/2026","4/2/2026","QQQ","QQQ 4/1/2026 Call $585.00","STC","1","$1.84","$183.95"
"4/1/2026","4/1/2026","4/2/2026","QQQ","QQQ 4/1/2026 Put $583.00","STC","1","$0.79","$78.95"
"4/1/2026","4/1/2026","4/2/2026","QQQ","QQQ 4/1/2026 Put $579.00","BTO","1","$0.34","($34.04)"
"4/1/2026","4/1/2026","4/2/2026","QQQ","QQQ 4/1/2026 Call $592.00","BTO","6","$0.10","($60.24)"
"4/1/2026","4/1/2026","4/2/2026","QQQ","QQQ 4/1/2026 Put $574.00","STC","3","$0.14","$41.87"
"4/1/2026","4/1/2026","4/2/2026","QQQ","QQQ 4/1/2026 Call $590.00","STC","5","$0.13","$64.78"
"4/1/2026","4/1/2026","4/2/2026","QQQ","QQQ 4/1/2026 Call $590.00","BTO","5","$0.15","($75.20)"
"4/1/2026","4/1/2026","4/2/2026","QQQ","QQQ 4/1/2026 Put $583.00","BTO","1","$1.37","($137.04)"
"4/1/2026","4/1/2026","4/2/2026","QQQ","QQQ 4/1/2026 Put $579.00","STC","1","$0.47","$46.95"
"4/1/2026","4/1/2026","4/2/2026","QQQ","QQQ 4/1/2026 Put $574.00","STC","1","$0.17","$16.95"
"4/1/2026","4/1/2026","4/2/2026","QQQ","QQQ 4/1/2026 Put $578.00","STC","1","$0.39","$38.95"
"4/1/2026","4/1/2026","4/2/2026","QQQ","QQQ 4/1/2026 Call $585.00","BTO","1","$1.07","($107.04)"
"4/1/2026","4/1/2026","4/2/2026","QQQ","QQQ 4/1/2026 Call $586.00","BTO","2","$0.62","($124.08)"
"4/1/2026","4/1/2026","4/2/2026","QQQ","QQQ 4/1/2026 Put $574.00","BTO","4","$0.21","($84.16)"
"4/1/2026","4/1/2026","4/2/2026","QQQ","QQQ 4/1/2026 Call $584.00","STC","1","$1.22","$121.95"
"4/1/2026","4/1/2026","4/2/2026","QQQ","QQQ 4/1/2026 Put $578.00","BTO","1","$0.51","($51.04)"
"4/1/2026","4/1/2026","4/2/2026","QQQ","QQQ 4/1/2026 Put $579.00","BTO","1","$0.54","($54.04)"
"4/1/2026","4/1/2026","4/2/2026","QQQ","QQQ 4/1/2026 Call $584.00","BTO","1","$1.58","($158.04)"
"4/1/2026","4/1/2026","4/1/2026","","External debit card transfer - withdrawal fee","DCF","","","($1.00)"
"4/1/2026","4/1/2026","4/1/2026","","External debit card transfer - account ending in 9768","DCF","","","($49.00)"
"4/1/2026","4/1/2026","4/1/2026","","External debit card transfer - account ending in 9768","DCF","","","($29.00)"
"4/1/2026","4/1/2026","4/1/2026","","External debit card transfer - withdrawal fee","DCF","","","($1.00)"
"3/31/2026","3/31/2026","3/31/2026","","Brokerage-held Cash Interest Payment","INT","","","$0.61"
"3/31/2026","3/31/2026","4/1/2026","SPY","Option Expiration for SPY 3/31/2026 Put $619.00","OEXP","1S","",""
"3/31/2026","3/31/2026","3/31/2026","","Interest Payment","INT","","","$0.16"
"3/31/2026","3/31/2026","4/1/2026","SPY","SPY 3/31/2026 Call $651.00","STC","1","$0.28","$27.95"
"3/31/2026","3/31/2026","4/1/2026","SPY","SPY 3/31/2026 Call $652.00","STC","1","$0.12","$11.95"
"3/31/2026","3/31/2026","4/1/2026","SPY","SPY 3/31/2026 Call $652.00","BTO","1","$0.14","($14.04)"
"3/31/2026","3/31/2026","4/1/2026","SPY","SPY 3/31/2026 Put $640.00","STC","4","$0.12","$47.83"
"3/31/2026","3/31/2026","4/1/2026","SPY","SPY 3/31/2026 Put $640.00","BTO","4","$0.22","($88.16)"
"3/31/2026","3/31/2026","4/1/2026","","ACH Deposit","ACH","","","$100.00"
"3/31/2026","3/31/2026","4/1/2026","SPY","SPY 3/31/2026 Put $644.00","STC","1","$0.54","$53.95"
"3/31/2026","3/31/2026","4/1/2026","SPY","SPY 3/31/2026 Put $644.00","BTO","1","$0.80","($80.04)"
"3/31/2026","3/31/2026","4/1/2026","","ACH Deposit","ACH","","","$26.00"
"3/31/2026","3/31/2026","4/1/2026","SPY","SPY 3/31/2026 Call $651.00","BTO","1","$0.82","($82.04)"
"3/31/2026","3/31/2026","4/1/2026","","ACH Deposit","ACH","","","$117.00"
"3/31/2026","3/31/2026","4/1/2026","SPY","SPY 3/31/2026 Put $639.00","STC","1","$0.52","$51.95"
"3/31/2026","3/31/2026","4/1/2026","SPY","SPY 3/31/2026 Call $646.00","STC","4","$4.20","$1,679.83"
"3/31/2026","3/31/2026","4/1/2026","SPY","SPY 3/31/2026 Call $644.00","STC","1","$3.47","$346.95"
"3/31/2026","3/31/2026","4/1/2026","SPY","SPY 3/31/2026 Put $633.00","STC","4","$0.10","$39.83"
"3/31/2026","3/31/2026","4/1/2026","SPY","SPY 3/31/2026 Put $636.00","STC","2","$0.21","$41.91"
"3/31/2026","3/31/2026","4/1/2026","SPY","SPY 3/31/2026 Call $646.00","BTO","2","$0.39","($78.08)"
"3/31/2026","3/31/2026","4/1/2026","","ACH Deposit","ACH","","","$80.00"
"3/31/2026","3/31/2026","4/1/2026","SPY","SPY 3/31/2026 Put $639.00","BTO","1","$0.75","($75.04)"
"3/31/2026","3/31/2026","4/1/2026","","ACH Deposit","ACH","","","$75.00"
"3/31/2026","3/31/2026","4/1/2026","SPY","SPY 3/31/2026 Put $636.00","STC","2","$0.30","$59.91"
"3/31/2026","3/31/2026","4/1/2026","SPY","SPY 3/31/2026 Put $640.00","STC","1","$1.03","$102.95"
"3/31/2026","3/31/2026","4/1/2026","SPY","SPY 3/31/2026 Call $646.00","BTO","2","$0.26","($52.08)"
"3/31/2026","3/31/2026","4/1/2026","SPY","SPY 3/31/2026 Call $643.00","STC","1","$0.61","$60.95"
"3/31/2026","3/31/2026","4/1/2026","SPY","SPY 3/31/2026 Call $643.00","BTO","1","$0.90","($90.04)"
"3/31/2026","3/31/2026","4/1/2026","SPY","SPY 3/31/2026 Call $644.00","BTO","1","$0.54","($54.04)"
"3/31/2026","3/31/2026","4/1/2026","SPY","SPY 3/31/2026 Call $645.00","STC","1","$0.29","$28.95"
"3/31/2026","3/31/2026","4/1/2026","SPY","SPY 3/31/2026 Put $640.00","BTO","1","$1.61","($161.04)"
"3/31/2026","3/31/2026","4/1/2026","SPY","SPY 3/31/2026 Call $645.00","BTO","1","$0.54","($54.04)"
"3/31/2026","3/31/2026","4/1/2026","SPY","SPY 3/31/2026 Put $636.00","BTO","4","$0.53","($212.16)"
"3/31/2026","3/31/2026","4/1/2026","SPY","SPY 3/31/2026 Call $643.00","STC","1","$1.24","$123.95"
"3/31/2026","3/31/2026","4/1/2026","SPY","SPY 3/31/2026 Put $641.00","STC","1","$3.50","$349.95"
"3/31/2026","3/31/2026","4/1/2026","SPY","SPY 3/31/2026 Call $643.00","BTO","1","$0.50","($50.04)"
"3/31/2026","3/31/2026","4/1/2026","SPY","SPY 3/31/2026 Call $645.00","STC","2","$0.24","$47.91"
"3/31/2026","3/31/2026","4/1/2026","SPY","SPY 3/31/2026 Put $633.00","BTO","4","$0.46","($184.16)"
"3/31/2026","3/31/2026","4/1/2026","SPY","SPY 3/31/2026 Put $641.00","BTO","1","$1.86","($186.04)"
"3/31/2026","3/31/2026","4/1/2026","SPY","SPY 3/31/2026 Call $645.00","BTO","2","$1.13","($226.08)"
"3/30/2026","3/30/2026","3/31/2026","META","Option Expiration for META 3/30/2026 Put $522.50","OEXP","1S","",""
"3/30/2026","3/30/2026","3/31/2026","QQQ","Option Expiration for QQQ 3/30/2026 Call $567.00","OEXP","1S","",""
"3/30/2026","3/30/2026","3/31/2026","META","Option Expiration for META 3/30/2026 Put $515.00","OEXP","1S","",""
"3/30/2026","3/30/2026","3/31/2026","QQQ","QQQ 3/30/2026 Put $556.00","STC","5","$0.16","$79.78"
"3/30/2026","3/30/2026","3/31/2026","QQQ","QQQ 3/30/2026 Put $560.00","STC","1","$3.85","$384.95"
"3/30/2026","3/30/2026","3/31/2026","QQQ","QQQ 3/30/2026 Put $561.00","STC","1","$1.79","$178.95"
"3/30/2026","3/30/2026","3/31/2026","QQQ","QQQ 3/30/2026 Call $567.00","BTO","1","$0.15","($15.04)"
"3/30/2026","3/30/2026","3/31/2026","QQQ","QQQ 3/30/2026 Put $561.00","BTO","1","$0.97","($97.04)"
"3/30/2026","3/30/2026","3/31/2026","QQQ","QQQ 3/30/2026 Put $560.00","STC","2","$0.68","$135.91"
"3/30/2026","3/30/2026","3/31/2026","QQQ","QQQ 3/30/2026 Put $556.00","BTO","5","$0.15","($75.20)"
"3/30/2026","3/30/2026","3/31/2026","QQQ","QQQ 3/30/2026 Call $572.00","STC","2","$0.06","$11.91"
"3/30/2026","3/30/2026","3/31/2026","QQQ","QQQ 3/30/2026 Call $572.00","STC","3","$0.06","$17.87"
"3/30/2026","3/30/2026","3/31/2026","QQQ","QQQ 3/30/2026 Call $569.00","STC","1","$0.15","$14.95"
"3/30/2026","3/30/2026","3/31/2026","QQQ","QQQ 3/30/2026 Call $569.00","STC","1","$0.15","$14.95"
"3/30/2026","3/30/2026","3/31/2026","QQQ","QQQ 3/30/2026 Put $560.00","BTO","3","$0.37","($111.12)"
"3/30/2026","3/30/2026","3/31/2026","QQQ","QQQ 3/30/2026 Call $572.00","STC","5","$0.08","$39.78"
"3/30/2026","3/30/2026","3/30/2026","","External debit card transfer - withdrawal fee","DCF","","","($1.00)"
"3/30/2026","3/30/2026","3/30/2026","","External debit card transfer - account ending in 9768","DCF","","","($19.00)"
"3/30/2026","3/30/2026","3/31/2026","QQQ","QQQ 3/30/2026 Put $560.00","STC","1","$0.40","$39.95"
"3/30/2026","3/30/2026","3/31/2026","QQQ","QQQ 3/30/2026 Call $572.00","BTO","10","$0.10","($100.40)"
"3/30/2026","3/30/2026","3/31/2026","QQQ","QQQ 3/30/2026 Put $553.00","STC","5","$0.07","$34.78"
"3/30/2026","3/30/2026","3/31/2026","QQQ","QQQ 3/30/2026 Put $561.00","STC","1","$0.59","$58.95"
"3/30/2026","3/30/2026","3/31/2026","QQQ","QQQ 3/30/2026 Call $569.00","BTO","2","$0.28","($56.08)"
"3/30/2026","3/30/2026","3/31/2026","QQQ","QQQ 3/30/2026 Put $553.00","BTO","5","$0.10","($50.20)"
"3/30/2026","3/30/2026","3/30/2026","","External debit card transfer - account ending in 9768","DCF","","","($24.00)"
"3/30/2026","3/30/2026","3/30/2026","","External debit card transfer - withdrawal fee","DCF","","","($1.00)"
"3/30/2026","3/30/2026","3/31/2026","QQQ","QQQ 3/30/2026 Put $561.00","BTO","1","$0.98","($98.04)"
"3/30/2026","3/30/2026","3/31/2026","QQQ","QQQ 3/30/2026 Call $569.00","STC","2","$0.26","$51.91"
"3/30/2026","3/30/2026","3/31/2026","QQQ","QQQ 3/30/2026 Put $560.00","BTO","1","$0.46","($46.04)"
"3/30/2026","3/30/2026","3/31/2026","QQQ","QQQ 3/30/2026 Call $569.00","BTO","2","$0.41","($82.08)"
"3/30/2026","3/30/2026","3/31/2026","SPY","SPY 3/30/2026 Call $643.00","STC","3","$0.36","$107.87"
"3/30/2026","3/30/2026","3/31/2026","SPY","SPY 3/30/2026 Put $635.00","STC","1","$1.16","$115.95"
"3/30/2026","3/30/2026","3/31/2026","META","META 3/30/2026 Put $522.50","BTO","1","$0.48","($48.04)"
"3/30/2026","3/30/2026","3/31/2026","SPY","SPY 3/30/2026 Call $643.00","BTO","3","$0.21","($63.12)"
"3/30/2026","3/30/2026","3/30/2026","","External debit card transfer - withdrawal fee","DCF","","","($2.19)"
"3/30/2026","3/30/2026","3/30/2026","","External debit card transfer - account ending in 9768","DCF","","","($122.81)"
"3/30/2026","3/30/2026","3/31/2026","SPY","SPY 3/30/2026 Put $635.00","BTO","1","$1.93","($193.04)"
"3/30/2026","3/30/2026","3/30/2026","","External debit card transfer - withdrawal fee","DCF","","","($1.00)"
"3/30/2026","3/30/2026","3/30/2026","","External debit card transfer - account ending in 5447","DCF","","","($42.57)"
"3/30/2026","3/30/2026","3/30/2026","","Transfer from Roth IRA to Brokerage","ITRF","","","$256.75"
"3/27/2026","3/27/2026","3/30/2026","AI","Option Expiration for AI 3/27/2026 Call $8.50","OEXP","2S","",""
"3/27/2026","3/27/2026","3/30/2026","AI","Option Expiration for AI 3/27/2026 Put $7.50","OEXP","7S","",""
"3/27/2026","3/27/2026","3/30/2026","META","Option Expiration for META 3/27/2026 Put $510.00","OEXP","1S","",""
"3/27/2026","3/27/2026","3/27/2026","","ACH REVERSAL","ACH","","","($300.00)"
"3/27/2026","3/27/2026","3/30/2026","QQQ","QQQ 3/27/2026 Call $567.00","STC","1","$0.03","$2.95"
"3/27/2026","3/27/2026","3/30/2026","QQQ","QQQ 3/27/2026 Put $563.00","STC","1","$0.88","$87.95"
"3/27/2026","3/27/2026","3/30/2026","QQQ","QQQ 3/27/2026 Put $560.00","STC","2","$0.10","$19.91"
"3/27/2026","3/27/2026","3/30/2026","QQQ","QQQ 3/27/2026 Put $560.00","STC","1","$0.09","$8.95"
"3/27/2026","3/27/2026","3/30/2026","SPY","SPY 3/31/2026 Put $619.00","BTO","1","$1.92","($192.04)"
"3/27/2026","3/27/2026","3/30/2026","QQQ","QQQ 3/27/2026 Put $566.00","STC","1","$2.45","$244.95"
"3/27/2026","3/27/2026","3/27/2026","","Transfer from Roth IRA to Brokerage","ITRF","","","$147.54"
"3/27/2026","3/27/2026","3/30/2026","QQQ","QQQ 3/27/2026 Put $560.00","BTO","3","$0.20","($60.12)"
"3/27/2026","3/27/2026","3/30/2026","QQQ","QQQ 3/27/2026 Put $560.00","STC","10","$0.18","$179.57"
"3/27/2026","3/27/2026","3/30/2026","QQQ","QQQ 3/27/2026 Call $567.00","BTO","1","$0.25","($25.04)"
"3/27/2026","3/27/2026","3/30/2026","QQQ","QQQ 3/27/2026 Put $563.00","BTO","1","$0.85","($85.04)"
"3/27/2026","3/27/2026","3/30/2026","QQQ","QQQ 3/27/2026 Put $566.00","STC","1","$2.19","$218.95"
"3/27/2026","3/27/2026","3/30/2026","QQQ","QQQ 3/27/2026 Put $560.00","BTO","9","$0.14","($126.36)"
"3/27/2026","3/27/2026","3/30/2026","QQQ","QQQ 3/27/2026 Put $560.00","BTO","1","$0.14","($14.04)"
"3/27/2026","3/27/2026","3/30/2026","QQQ","QQQ 3/27/2026 Put $566.00","BTO","1","$0.79","($79.04)"
"3/27/2026","3/27/2026","3/30/2026","META","META 3/30/2026 Put $515.00","BTO","1","$2.28","($228.04)"
"3/27/2026","3/27/2026","3/30/2026","QQQ","QQQ 3/27/2026 Call $575.00","STC","2","$0.15","$29.91"
"3/27/2026","3/27/2026","3/30/2026","QQQ","QQQ 3/27/2026 Call $575.00","BTO","2","$0.30","($60.08)"
"3/27/2026","3/27/2026","3/30/2026","QQQ","QQQ 3/27/2026 Call $569.00","STC","1","$1.90","$189.95"
"3/27/2026","3/27/2026","3/30/2026","QQQ","QQQ 3/27/2026 Put $569.00","STC","1","$1.65","$164.95"
"3/27/2026","3/27/2026","3/30/2026","QQQ","QQQ 3/27/2026 Call $569.00","BTO","1","$1.12","($112.04)"
"3/27/2026","3/27/2026","3/30/2026","QQQ","QQQ 3/27/2026 Call $572.00","STC","1","$0.34","$33.95"
"3/27/2026","3/27/2026","3/30/2026","QQQ","QQQ 3/27/2026 Call $572.00","BTO","1","$0.69","($69.04)"
"3/27/2026","3/27/2026","3/30/2026","QQQ","QQQ 3/27/2026 Put $566.00","BTO","1","$1.32","($132.04)"
"3/27/2026","3/27/2026","3/30/2026","QQQ","QQQ 3/27/2026 Call $577.00","STC","1","$0.15","$14.95"
"3/27/2026","3/27/2026","3/30/2026","QQQ","QQQ 3/27/2026 Call $577.00","BTO","1","$0.42","($42.04)"
"3/27/2026","3/27/2026","3/30/2026","QQQ","QQQ 3/27/2026 Put $569.00","BTO","1","$2.46","($246.04)"
"3/26/2026","3/26/2026","3/27/2026","QQQ","Option Expiration for QQQ 3/26/2026 Call $591.00","OEXP","1S","",""
"3/26/2026","3/26/2026","3/26/2026","","ACH REVERSAL","ACH","","","($203.00)"
"3/26/2026","3/26/2026","3/26/2026","","Cash reward","MISC","","","$5.59"
"3/26/2026","3/26/2026","3/27/2026","QQQ","QQQ 3/26/2026 Put $576.00","STC","1","$1.34","$133.95"
"3/26/2026","3/26/2026","3/27/2026","META","META 3/27/2026 Put $547.50","STC","1","$7.95","$794.95"
"3/26/2026","3/26/2026","3/27/2026","AI","AI 3/27/2026 Call $8.50","STC","1","$0.06","$5.95"
"3/26/2026","3/26/2026","3/27/2026","AI","AI 3/27/2026 Call $8.50","STC","4","$0.06","$23.83"
"3/26/2026","3/26/2026","3/27/2026","QQQ","QQQ 3/26/2026 Call $589.00","STC","1","$0.07","$6.95"
"3/26/2026","3/26/2026","3/27/2026","META","META 3/27/2026 Put $510.00","BTO","1","$0.25","($25.04)"
"3/26/2026","3/26/2026","3/27/2026","QQQ","QQQ 3/26/2026 Put $582.00","STC","1","$2.70","$269.95"
"3/26/2026","3/26/2026","3/27/2026","META","META 3/27/2026 Put $547.50","BTO","1","$0.44","($44.04)"
"3/26/2026","3/26/2026","3/27/2026","QQQ","QQQ 3/26/2026 Call $591.00","BTO","1","$0.16","($16.04)"
"3/26/2026","3/26/2026","3/27/2026","QQQ","QQQ 3/26/2026 Put $576.00","BTO","1","$0.30","($30.04)"
"3/26/2026","3/26/2026","3/27/2026","AI","AI 3/27/2026 Put $7.50","BTO","1","$0.03","($3.04)"
"3/26/2026","3/26/2026","3/27/2026","AI","AI 3/27/2026 Put $7.50","BTO","1","$0.03","($3.04)"
"3/26/2026","3/26/2026","3/27/2026","AI","AI 3/27/2026 Put $7.50","BTO","1","$0.03","($3.04)"
"3/26/2026","3/26/2026","3/27/2026","AI","AI 3/27/2026 Put $7.50","BTO","1","$0.03","($3.04)"
"3/26/2026","3/26/2026","3/27/2026","AI","AI 3/27/2026 Put $7.50","BTO","3","$0.03","($9.12)"
"3/26/2026","3/26/2026","3/27/2026","AI","AI 3/27/2026 Call $8.50","BTO","5","$0.10","($50.20)"
"3/26/2026","3/26/2026","3/27/2026","AI","AI 3/27/2026 Call $8.50","BTO","2","$0.10","($20.08)"
"3/26/2026","3/26/2026","3/27/2026","QQQ","QQQ 3/26/2026 Call $589.00","BTO","1","$0.39","($39.04)"
"3/26/2026","3/26/2026","3/27/2026","META","META 3/27/2026 Put $567.50","STC","1","$2.40","$239.95"
"3/26/2026","3/26/2026","3/27/2026","QQQ","QQQ 3/26/2026 Put $582.00","BTO","1","$1.41","($141.04)"
"3/26/2026","3/26/2026","3/27/2026","META","META 3/27/2026 Put $562.50","STC","1","$1.41","$140.95"
"3/26/2026","3/26/2026","3/27/2026","META","META 3/27/2026 Put $567.50","BTO","1","$2.70","($270.04)"
"3/25/2026","3/25/2026","3/26/2026","QQQ","Option Expiration for QQQ 3/25/2026 Call $593.00","OEXP","2S","",""
"3/25/2026","3/25/2026","3/26/2026","QQQ","QQQ 3/25/2026 Put $581.00","STC","1","$0.01","$0.95"
"3/25/2026","3/25/2026","3/26/2026","QQQ","QQQ 3/25/2026 Put $585.00","STC","1","$0.07","$6.95"
"3/25/2026","3/25/2026","3/26/2026","QQQ","QQQ 3/25/2026 Put $588.00","STC","1","$1.02","$101.95"
"3/25/2026","3/25/2026","3/26/2026","QQQ","QQQ 3/25/2026 Put $588.00","STC","1","$1.69","$168.95"
"3/25/2026","3/25/2026","3/26/2026","META","META 3/27/2026 Put $562.50","BTO","1","$0.34","($34.04)"
"3/25/2026","3/25/2026","3/26/2026","QQQ","QQQ 3/25/2026 Call $593.00","STC","2","$0.06","$11.91"
"3/25/2026","3/25/2026","3/26/2026","QQQ","QQQ 3/25/2026 Call $593.00","STC","1","$0.06","$5.95"
"3/25/2026","3/25/2026","3/26/2026","QQQ","QQQ 3/25/2026 Call $593.00","STC","1","$0.06","$5.95"
"3/25/2026","3/25/2026","3/26/2026","QQQ","QQQ 3/25/2026 Put $588.00","BTO","2","$0.62","($124.08)"
"3/25/2026","3/25/2026","3/26/2026","QQQ","QQQ 3/25/2026 Put $588.00","STC","1","$0.42","$41.95"
"3/25/2026","3/25/2026","3/26/2026","QQQ","QQQ 3/25/2026 Call $593.00","BTO","3","$0.10","($30.12)"
"3/25/2026","3/25/2026","3/26/2026","QQQ","QQQ 3/25/2026 Call $593.00","BTO","3","$0.10","($30.12)"
"3/25/2026","3/25/2026","3/26/2026","QQQ","QQQ 3/25/2026 Call $592.00","STC","3","$0.15","$44.87"
"3/25/2026","3/25/2026","3/26/2026","QQQ","QQQ 3/25/2026 Put $588.00","BTO","1","$0.85","($85.04)"
"3/25/2026","3/25/2026","3/26/2026","QQQ","QQQ 3/25/2026 Call $592.00","BTO","3","$0.22","($66.12)"
"3/25/2026","3/25/2026","3/25/2026","","Transfer from Roth IRA to Brokerage","ITRF","","","$65.34"
"3/25/2026","3/25/2026","3/26/2026","QQQ","QQQ 3/25/2026 Call $590.00","STC","1","$0.81","$80.95"
"3/25/2026","3/25/2026","3/26/2026","QQQ","QQQ 3/25/2026 Put $585.00","BTO","1","$0.55","($55.04)"
"3/25/2026","3/25/2026","3/26/2026","QQQ","QQQ 3/25/2026 Call $590.00","BTO","1","$1.03","($103.04)"
"3/25/2026","3/25/2026","3/26/2026","QQQ","QQQ 3/25/2026 Put $587.00","STC","1","$0.98","$97.95"
"3/25/2026","3/25/2026","3/26/2026","QQQ","QQQ 3/25/2026 Call $591.00","STC","1","$0.89","$88.95"
"3/25/2026","3/25/2026","3/26/2026","QQQ","QQQ 3/25/2026 Put $587.00","BTO","1","$0.65","($65.04)"
"3/25/2026","3/25/2026","3/26/2026","QQQ","QQQ 3/25/2026 Call $591.00","BTO","1","$1.56","($156.04)"
"3/25/2026","3/25/2026","3/25/2026","","External debit card transfer - withdrawal fee","DCF","","","($1.00)"
"3/25/2026","3/25/2026","3/25/2026","","External debit card transfer - account ending in 5447","DCF","","","($9.00)"
"3/25/2026","3/25/2026","3/25/2026","","External debit card transfer - withdrawal fee","DCF","","","($1.00)"
"3/25/2026","3/25/2026","3/25/2026","","External debit card transfer - account ending in 5447","DCF","","","($29.00)"
"3/25/2026","3/25/2026","3/26/2026","","ACH Deposit","ACH","","","$300.00"
"3/24/2026","3/24/2026","3/24/2026","","Event Contracts Inter-Entity Cash Transfer","FUTSWP","","","($39.00)"
"3/24/2026","3/24/2026","3/25/2026","QQQ","QQQ 3/25/2026 Put $581.00","BTO","1","$2.01","($201.04)"
"3/24/2026","3/24/2026","3/25/2026","","ACH Deposit","ACH","","","$8.00"
"3/24/2026","3/24/2026","3/25/2026","","ACH Deposit","ACH","","","$203.00"
"3/24/2026","3/24/2026","3/25/2026","QQQ","QQQ 3/24/2026 Put $585.00","STC","1","$0.81","$80.95"
"3/24/2026","3/24/2026","3/25/2026","QQQ","QQQ 3/24/2026 Call $590.00","STC","3","$0.09","$26.87"
"3/24/2026","3/24/2026","3/25/2026","QQQ","QQQ 3/24/2026 Call $590.00","BTO","1","$0.16","($16.04)"
"3/24/2026","3/24/2026","3/25/2026","QQQ","QQQ 3/24/2026 Call $590.00","BTO","1","$0.16","($16.04)"
"3/24/2026","3/24/2026","3/25/2026","QQQ","QQQ 3/24/2026 Call $590.00","BTO","1","$0.16","($16.04)"
"3/24/2026","3/24/2026","3/25/2026","QQQ","QQQ 3/24/2026 Put $585.00","BTO","1","$1.10","($110.04)"
"3/24/2026","3/24/2026","3/25/2026","QQQ","QQQ 3/24/2026 Call $588.00","STC","1","$0.72","$71.95"
"3/24/2026","3/24/2026","3/24/2026","","Transfer from Roth IRA to Brokerage","ITRF","","","$146.85"
"3/24/2026","3/24/2026","3/25/2026","QQQ","QQQ 3/24/2026 Put $584.00","STC","1","$0.83","$82.95"
"3/24/2026","3/24/2026","3/25/2026","QQQ","QQQ 3/24/2026 Call $588.00","BTO","1","$0.91","($91.04)"
"3/24/2026","3/24/2026","3/24/2026","","Transfer from Roth IRA to Brokerage","ITRF","","","$99.00"
"3/24/2026","3/24/2026","3/25/2026","QQQ","QQQ 3/24/2026 Call $590.00","STC","1","$0.32","$31.95"
"3/24/2026","3/24/2026","3/25/2026","QQQ","QQQ 3/24/2026 Call $590.00","BTO","1","$0.73","($73.04)"
"3/24/2026","3/24/2026","3/25/2026","QQQ","QQQ 3/24/2026 Call $586.00","STC","1","$1.23","$122.95"
"3/24/2026","3/24/2026","3/25/2026","QQQ","QQQ 3/24/2026 Call $586.00","BTO","1","$1.61","($161.04)"
"3/24/2026","3/24/2026","3/24/2026","","External debit card transfer - withdrawal fee","DCF","","","($1.00)"
"3/24/2026","3/24/2026","3/24/2026","","External debit card transfer - account ending in 5447","DCF","","","($29.00)"
"3/24/2026","3/24/2026","3/25/2026","QQQ","QQQ 3/24/2026 Put $584.00","BTO","1","$2.30","($230.04)"
"3/24/2026","3/24/2026","3/24/2026","","Transfer from Roth IRA to Brokerage","ITRF","","","$496.62"
"3/24/2026","3/24/2026","3/24/2026","","External debit card transfer - account ending in 5447","DCF","","","($19.00)"
"3/24/2026","3/24/2026","3/24/2026","","External debit card transfer - withdrawal fee","DCF","","","($1.00)"
"3/24/2026","3/24/2026","3/24/2026","","Transfer from Roth IRA to Brokerage","ITRF","","","$20.00"
"3/24/2026","3/24/2026","3/24/2026","","External debit card transfer - account ending in 5447","DCF","","","($13.00)"
"3/24/2026","3/24/2026","3/24/2026","","External debit card transfer - withdrawal fee","DCF","","","($1.00)"
"3/23/2026","3/23/2026","3/24/2026","QQQ","QQQ 3/23/2026 Call $598.00","STC","1","$0.19","$18.95"
"3/23/2026","3/23/2026","3/24/2026","QQQ","QQQ 3/23/2026 Call $598.00","BTO","1","$0.33","($33.04)"
"3/23/2026","3/23/2026","3/23/2026","","External debit card transfer - withdrawal fee","DCF","","","($1.00)"
"3/23/2026","3/23/2026","3/23/2026","","External debit card transfer - account ending in 5447","DCF","","","($4.00)"
"3/23/2026","3/23/2026","3/23/2026","","External debit card transfer - withdrawal fee","DCF","","","($2.63)"
"3/23/2026","3/23/2026","3/23/2026","","External debit card transfer - account ending in 5447","DCF","","","($147.37)"
"3/23/2026","3/23/2026","3/23/2026","","Transfer from Roth IRA to Brokerage","ITRF","","","$209.34"
"3/20/2026","3/20/2026","3/23/2026","BBWI","Option Expiration for BBWI 3/20/2026 Call $25.00","OEXP","2S","",""
"3/20/2026","3/20/2026","3/23/2026","SPY","SPY 3/20/2026 Put $643.00","STC","1","$0.06","$5.95"
"3/19/2026","3/19/2026","3/20/2026","SPY","SPY 3/20/2026 Put $643.00","BTO","1","$0.35","($35.04)"
"3/19/2026","3/19/2026","3/20/2026","SPY","SPY 3/19/2026 Put $657.00","STC","1","$0.05","$4.95"
"3/19/2026","3/19/2026","3/20/2026","SPY","SPY 3/19/2026 Put $657.00","BTO","1","$1.97","($197.04)"
"3/18/2026","3/18/2026","3/19/2026","SPY","SPY 3/18/2026 Put $664.00","STC","1","$2.11","$210.95"
"3/18/2026","3/18/2026","3/19/2026","SPY","SPY 3/19/2026 Call $677.00","STC","1","$0.23","$22.95"
"3/18/2026","3/18/2026","3/19/2026","SPY","SPY 3/19/2026 Call $677.00","BTO","1","$0.25","($25.04)"
"3/18/2026","3/18/2026","3/19/2026","","ACH Deposit","ACH","","","$20.36"
"3/18/2026","3/18/2026","3/19/2026","SPY","SPY 3/18/2026 Put $664.00","BTO","1","$1.19","($119.04)"
"3/17/2026","3/17/2026","3/18/2026","SPY","SPY 3/17/2026 Put $668.00","STC","1","$0.02","$1.95"
"3/17/2026","3/17/2026","3/18/2026","SPY","SPY 3/17/2026 Call $676.00","STC","1","$0.11","$10.95"
"3/17/2026","3/17/2026","3/18/2026","SPY","SPY 3/17/2026 Call $676.00","BTO","1","$0.20","($20.04)"
"3/17/2026","3/17/2026","3/18/2026","","ACH Deposit","ACH","","","$1.00"
"3/17/2026","3/17/2026","3/18/2026","","ACH Deposit","ACH","","","$17.04"
"3/17/2026","3/17/2026","3/18/2026","SPY","SPY 3/17/2026 Call $678.00","STC","3","$0.09","$26.87"
"3/17/2026","3/17/2026","3/18/2026","SPY","SPY 3/17/2026 Put $668.00","BTO","1","$0.36","($36.04)"
"3/17/2026","3/17/2026","3/18/2026","","ACH Deposit","ACH","","","$39.04"
"3/17/2026","3/17/2026","3/18/2026","","ACH Deposit","ACH","","","$55.44"
"3/17/2026","3/17/2026","3/18/2026","SPY","SPY 3/17/2026 Call $678.00","BTO","3","$0.21","($63.12)"
"3/17/2026","3/17/2026","3/18/2026","SPY","SPY 3/17/2026 Call $675.00","STC","1","$0.84","$83.95"
"3/17/2026","3/17/2026","3/18/2026","SPY","SPY 3/17/2026 Call $675.00","BTO","1","$0.81","($81.04)"
"3/16/2026","3/16/2026","3/17/2026","SPY","Option Expiration for SPY 3/16/2026 Put $661.00","OEXP","1S","",""
"3/16/2026","3/16/2026","3/17/2026","SPY","SPY 3/16/2026 Call $668.00","STC","1","$0.81","$80.95"
"3/16/2026","3/16/2026","3/17/2026","SPY","SPY 3/16/2026 Put $661.00","BTO","1","$0.41","($41.04)"
"3/16/2026","3/16/2026","3/17/2026","SPY","SPY 3/16/2026 Call $668.00","BTO","1","$2.66","($266.04)"
"3/13/2026","3/13/2026","3/16/2026","AAL","Option Expiration for AAL 3/13/2026 Put $10.00","OEXP","17S","",""
"3/13/2026","3/13/2026","3/16/2026","SPY","Option Expiration for SPY 3/13/2026 Call $670.00","OEXP","1S","",""
"3/13/2026","3/13/2026","3/16/2026","JBLU","Option Expiration for JBLU 3/13/2026 Put $4.00","OEXP","14S","",""
"3/13/2026","3/13/2026","3/16/2026","DAL","Option Expiration for DAL 3/13/2026 Put $56.00","OEXP","4S","",""
"3/13/2026","3/13/2026","3/16/2026","JBLU","Option Expiration for JBLU 3/13/2026 Put $3.50","OEXP","60S","",""
"3/13/2026","3/13/2026","3/16/2026","XYZ","Option Expiration for XYZ 3/13/2026 Call $74.00","OEXP","1S","",""
"3/13/2026","3/13/2026","3/16/2026","AAL","Option Expiration for AAL 3/13/2026 Call $12.50","OEXP","15S","",""
"3/13/2026","3/13/2026","3/16/2026","AAL","Option Expiration for AAL 3/13/2026 Put $9.50","OEXP","5S","",""
"3/13/2026","3/13/2026","3/16/2026","SPY","SPY 3/13/2026 Put $657.00","STC","1","$0.02","$1.95"
"3/13/2026","3/13/2026","3/16/2026","","ACH Deposit","ACH","","","$18.04"
"3/13/2026","3/13/2026","3/16/2026","SPY","SPY 3/13/2026 Call $670.00","BTO","1","$0.26","($26.04)"
"3/13/2026","3/13/2026","3/16/2026","SPY","SPY 3/13/2026 Put $657.00","BTO","1","$0.25","($25.04)"
"3/13/2026","3/13/2026","3/16/2026","","ACH Deposit","ACH","","","$21.04"
"3/13/2026","3/13/2026","3/16/2026","DAL","DAL 3/13/2026 Put $56.00","BTO","4","$0.07","($28.16)"
"3/13/2026","3/13/2026","3/16/2026","","ACH Deposit","ACH","","","$38.16"
"3/13/2026","3/13/2026","3/16/2026","SPY","SPY 3/13/2026 Put $665.00","STC","1","$2.04","$203.95"
"3/13/2026","3/13/2026","3/16/2026","SPY","SPY 3/13/2026 Call $672.00","STC","1","$1.09","$108.95"
"3/13/2026","3/13/2026","3/16/2026","SPY","SPY 3/13/2026 Put $665.00","BTO","1","$0.56","($56.04)"
"3/13/2026","3/13/2026","3/16/2026","","ACH Deposit","ACH","","","$10.13"
"3/13/2026","3/13/2026","3/16/2026","SPY","SPY 3/13/2026 Call $672.00","BTO","1","$1.59","($159.04)"
"3/13/2026","3/13/2026","3/13/2026","","Transfer from Brokerage to Roth IRA","ITRF","","","($150.00)"
"3/13/2026","3/13/2026","3/13/2026","","External debit card transfer - account ending in 5447","DCF","","","$350.00"
"3/12/2026","3/12/2026","3/12/2026","","External debit card transfer - account ending in 5447","DCF","","","$50.74"
"3/12/2026","3/12/2026","3/13/2026","AAL","AAL 3/13/2026 Put $10.00","BTO","9","$0.03","($27.36)"
"3/12/2026","3/12/2026","3/13/2026","AAL","AAL 3/13/2026 Put $10.00","BTO","1","$0.03","($3.04)"
"3/12/2026","3/12/2026","3/13/2026","AAL","AAL 3/13/2026 Put $10.00","BTO","6","$0.03","($18.24)"
"3/12/2026","3/12/2026","3/13/2026","AAL","AAL 3/13/2026 Put $10.00","BTO","1","$0.03","($3.04)"
"3/12/2026","3/12/2026","3/13/2026","SPY","SPY 3/12/2026 Put $665.00","STC","1","$0.07","$6.95"
"3/12/2026","3/12/2026","3/13/2026","JBLU","JBLU 3/13/2026 Put $4.00","BTO","7","$0.03","($21.28)"
"3/12/2026","3/12/2026","3/13/2026","JBLU","JBLU 3/13/2026 Put $4.00","BTO","7","$0.03","($21.28)"
"3/12/2026","3/12/2026","3/13/2026","SPY","SPY 3/12/2026 Put $665.00","BTO","1","$0.95","($95.04)"
"3/11/2026","3/11/2026","3/12/2026","SPY","Option Expiration for SPY 3/11/2026 Put $668.00","OEXP","1S","",""
"3/11/2026","3/11/2026","3/12/2026","SPY","Option Expiration for SPY 3/11/2026 Call $683.00","OEXP","1S","",""
"3/11/2026","3/11/2026","3/11/2026","","External debit card transfer - account ending in 5447","DCF","","","$5.00"
"3/11/2026","3/11/2026","3/11/2026","","Gold Subscription Fee","GOLD","","","($5.00)"
"3/11/2026","3/11/2026","3/12/2026","GLD","GLD 3/11/2026 Call $479.00","STC","1","$0.01","$0.95"
"3/11/2026","3/11/2026","3/12/2026","SPY","SPY 3/11/2026 Call $679.00","STC","1","$0.03","$2.95"
"3/11/2026","3/11/2026","3/11/2026","","External debit card transfer - withdrawal fee","DCF","","","($1.00)"
"3/11/2026","3/11/2026","3/11/2026","","External debit card transfer - account ending in 5447","DCF","","","($8.00)"
"3/11/2026","3/11/2026","3/12/2026","SPY","SPY 3/11/2026 Put $668.00","BTO","1","$0.26","($26.04)"
"3/11/2026","3/11/2026","3/12/2026","SPY","SPY 3/11/2026 Call $683.00","BTO","1","$0.35","($35.04)"
"3/11/2026","3/11/2026","3/12/2026","GLD","GLD 3/11/2026 Put $475.00","STC","1","$0.90","$89.95"
"3/11/2026","3/11/2026","3/12/2026","SPY","SPY 3/11/2026 Put $671.00","STC","1","$0.44","$43.95"
"3/11/2026","3/11/2026","3/12/2026","SPY","SPY 3/11/2026 Put $671.00","BTO","1","$0.59","($59.04)"
"3/11/2026","3/11/2026","3/12/2026","SPY","SPY 3/11/2026 Call $679.00","BTO","1","$1.69","($169.04)"
"3/11/2026","3/11/2026","3/12/2026","GLD","GLD 3/11/2026 Call $479.00","BTO","1","$0.44","($44.04)"
"3/11/2026","3/11/2026","3/12/2026","GLD","GLD 3/11/2026 Put $475.00","BTO","1","$1.67","($167.04)"
"3/11/2026","3/11/2026","3/11/2026","","External debit card transfer - withdrawal fee","DCF","","","($1.00)"
"3/11/2026","3/11/2026","3/11/2026","","External debit card transfer - account ending in 5447","DCF","","","($19.00)"
"3/10/2026","3/10/2026","3/11/2026","AAL","AAL 3/13/2026 Put $10.00","STC","12","$0.03","$35.48"
"3/10/2026","3/10/2026","3/11/2026","SPY","SPY 3/10/2026 Call $678.00","STC","1","$4.90","$489.95"
"3/10/2026","3/10/2026","3/11/2026","AAL","AAL 3/13/2026 Call $12.50","BTO","3","$0.03","($9.12)"
"3/10/2026","3/10/2026","3/11/2026","AAL","AAL 3/13/2026 Call $12.50","BTO","12","$0.02","($24.48)"
"3/10/2026","3/10/2026","3/11/2026","JBLU","JBLU 3/13/2026 Put $3.50","BTO","9","$0.02","($18.36)"
"3/10/2026","3/10/2026","3/11/2026","JBLU","JBLU 3/13/2026 Put $3.50","BTO","1","$0.02","($2.04)"
"3/10/2026","3/10/2026","3/11/2026","JBLU","JBLU 3/13/2026 Put $3.50","BTO","13","$0.02","($26.52)"
"3/10/2026","3/10/2026","3/11/2026","JBLU","JBLU 3/13/2026 Put $3.50","BTO","20","$0.02","($40.80)"
"3/10/2026","3/10/2026","3/11/2026","JBLU","JBLU 3/13/2026 Put $3.50","BTO","13","$0.02","($26.52)"
"3/10/2026","3/10/2026","3/11/2026","JBLU","JBLU 3/13/2026 Put $3.50","BTO","4","$0.02","($8.16)"
"3/10/2026","3/10/2026","3/11/2026","AAL","AAL 3/13/2026 Put $10.00","BTO","12","$0.06","($72.48)"
"3/10/2026","3/10/2026","3/11/2026","SPY","SPY 3/10/2026 Call $678.00","BTO","1","$2.71","($271.04)"
"3/10/2026","3/10/2026","3/10/2026","","Transfer from Brokerage to Roth IRA","ITRF","","","($400.00)"
"3/10/2026","3/10/2026","3/10/2026","","External debit card transfer - account ending in 5447","DCF","","","($4.00)"
"3/10/2026","3/10/2026","3/10/2026","","External debit card transfer - withdrawal fee","DCF","","","($1.00)"
"3/10/2026","3/10/2026","3/10/2026","","External debit card transfer - withdrawal fee","DCF","","","($1.58)"
"3/10/2026","3/10/2026","3/10/2026","","External debit card transfer - account ending in 5447","DCF","","","($88.42)"
"3/9/2026","3/9/2026","3/10/2026","AAL","AAL 3/13/2026 Put $10.00","STC","5","$0.11","$54.78"
"3/9/2026","3/9/2026","3/10/2026","LUV","LUV 3/13/2026 Put $41.50","STC","1","$1.70","$169.95"
"3/9/2026","3/9/2026","3/10/2026","DAL","DAL 3/13/2026 Put $58.00","STC","1","$3.15","$314.95"
"3/9/2026","3/9/2026","3/10/2026","AAL","AAL 3/13/2026 Put $11.00","STC","2","$0.64","$127.91"
"3/9/2026","3/9/2026","3/10/2026","AAL","AAL 3/13/2026 Put $9.50","BTO","5","$0.10","($50.20)"
"3/9/2026","3/9/2026","3/10/2026","AAL","AAL 3/13/2026 Put $11.00","STC","4","$0.65","$259.83"
"3/9/2026","3/9/2026","3/10/2026","AAL","AAL 3/13/2026 Put $11.00","STC","1","$0.65","$64.95"
"3/9/2026","3/9/2026","3/9/2026","","External debit card transfer - account ending in 5447","DCF","","","($2.04)"
"3/9/2026","3/9/2026","3/9/2026","","External debit card transfer - withdrawal fee","DCF","","","($1.00)"
"3/6/2026","3/6/2026","3/9/2026","AAL","Option Expiration for AAL 3/6/2026 Call $12.00","OEXP","4S","",""
"3/6/2026","3/6/2026","3/9/2026","XYZ","Option Expiration for XYZ 3/6/2026 Call $72.00","OEXP","1S","",""
"3/6/2026","3/6/2026","3/9/2026","AAL","Option Expiration for AAL 3/6/2026 Put $11.00","OEXP","79S","",""
"3/6/2026","3/6/2026","3/9/2026","AAL","Option Expiration for AAL 3/6/2026 Call $12.50","OEXP","10S","",""
"3/6/2026","3/6/2026","3/6/2026","","External debit card transfer - account ending in 5447","DCF","","","($29.00)"
"3/6/2026","3/6/2026","3/6/2026","","External debit card transfer - withdrawal fee","DCF","","","($1.00)"
"3/6/2026","3/6/2026","3/9/2026","DAL","DAL 3/13/2026 Call $65.00","STC","1","$0.25","$24.95"
"3/6/2026","3/6/2026","3/9/2026","LUV","LUV 3/13/2026 Call $44.50","STC","1","$0.32","$31.95"
"3/6/2026","3/6/2026","3/9/2026","AAL","AAL 3/6/2026 Put $11.00","BTO","5","$0.02","($10.20)"
"3/6/2026","3/6/2026","3/9/2026","AAL","AAL 3/6/2026 Put $11.00","BTO","20","$0.01","($20.80)"
"3/6/2026","3/6/2026","3/6/2026","","External debit card transfer - withdrawal fee","DCF","","","($1.00)"
"3/6/2026","3/6/2026","3/6/2026","","External debit card transfer - account ending in 5447","DCF","","","($19.00)"
"3/6/2026","3/6/2026","3/9/2026","AAL","AAL 3/13/2026 Put $10.00","BTO","5","$0.09","($45.20)"
"3/6/2026","3/6/2026","3/9/2026","DAL","DAL 3/13/2026 Call $65.00","BTO","1","$0.44","($44.04)"
"3/6/2026","3/6/2026","3/9/2026","DAL","DAL 3/13/2026 Put $58.00","BTO","1","$1.65","($165.04)"
"3/6/2026","3/6/2026","3/9/2026","LUV","LUV 3/13/2026 Call $44.50","BTO","1","$0.57","($57.04)"
"3/6/2026","3/6/2026","3/9/2026","LUV","LUV 3/13/2026 Put $41.50","BTO","1","$1.70","($170.04)"
"3/5/2026","3/5/2026","3/6/2026","AAL","AAL 3/6/2026 Put $11.00","BTO","4","$0.02","($8.16)"
"3/5/2026","3/5/2026","3/6/2026","AAL","AAL 3/6/2026 Call $12.00","BTO","4","$0.07","($28.16)"
"3/5/2026","3/5/2026","3/5/2026","","External debit card transfer - account ending in 6735","DCF","","","$28.00"
"3/5/2026","3/5/2026","3/6/2026","AAL","AAL 3/6/2026 Call $12.50","BTO","10","$0.01","($10.40)"
"3/5/2026","3/5/2026","3/5/2026","","External debit card transfer - account ending in 6735","DCF","","","$19.00"
"3/5/2026","3/5/2026","3/6/2026","SPY","SPY 3/5/2026 Put $677.00","STC","1","$0.58","$57.95"
"3/5/2026","3/5/2026","3/6/2026","SPY","SPY 3/5/2026 Call $685.00","STC","1","$0.47","$46.95"
"3/5/2026","3/5/2026","3/6/2026","SPY","SPY 3/5/2026 Put $679.00","STC","1","$1.34","$133.95"
"3/5/2026","3/5/2026","3/6/2026","SPY","SPY 3/5/2026 Put $677.00","BTO","1","$0.71","($71.04)"
"3/5/2026","3/5/2026","3/5/2026","","External debit card transfer - account ending in 6735","DCF","","","$25.00"
"3/5/2026","3/5/2026","3/6/2026","SPY","SPY 3/5/2026 Put $679.00","BTO","1","$0.67","($67.04)"
"3/5/2026","3/5/2026","3/6/2026","SPY","SPY 3/5/2026 Call $685.00","BTO","1","$1.54","($154.04)"
"3/5/2026","3/5/2026","3/6/2026","AMZN","AMZN 3/6/2026 Call $225.00","STC","2","$0.40","$79.91"
"3/5/2026","3/5/2026","3/6/2026","AAL","AAL 3/13/2026 Put $11.00","BTO","1","$0.11","($11.04)"
"3/5/2026","3/5/2026","3/6/2026","AAL","AAL 3/13/2026 Put $11.00","BTO","6","$0.11","($66.24)"
"3/5/2026","3/5/2026","3/6/2026","XYZ","XYZ 3/6/2026 Call $65.00","STC","1","$2.45","$244.95"
"3/5/2026","3/5/2026","3/6/2026","ET","ET 1/15/2027 Call $30.00","BTO","6","$0.10","($60.24)"
"3/5/2026","3/5/2026","3/6/2026","ET","ET 1/15/2027 Call $30.00","BTO","6","$0.10","($60.24)"
"3/5/2026","3/5/2026","3/6/2026","ET","ET 1/15/2027 Call $30.00","BTO","8","$0.10","($80.32)"
"3/5/2026","3/5/2026","3/6/2026","NEE","NEE 4/17/2026 Call $100.00","BTO","2","$0.98","($196.08)"
"3/5/2026","3/5/2026","3/6/2026","NEE","NEE 4/2/2026 Call $99.00","BTO","2","$0.70","($140.08)"
"3/5/2026","3/5/2026","3/5/2026","","Transfer from Brokerage to Roth IRA","ITRF","","","($400.00)"
"3/4/2026","3/4/2026","3/5/2026","AMZN","Option Expiration for AMZN 3/4/2026 Call $220.00","OEXP","3S","",""
"3/4/2026","3/4/2026","3/5/2026","AMZN","Option Expiration for AMZN 3/4/2026 Put $190.00","OEXP","2S","",""
"3/4/2026","3/4/2026","3/5/2026","SPY","SPY 3/4/2026 Call $690.00","STC","1","$0.01","$0.95"
"3/4/2026","3/4/2026","3/5/2026","AMZN","AMZN 3/4/2026 Call $220.00","BTO","3","$0.01","($3.12)"
"3/4/2026","3/4/2026","3/5/2026","SPY","SPY 3/4/2026 Call $690.00","BTO","1","$0.06","($6.04)"
"3/4/2026","3/4/2026","3/5/2026","AMZN","AMZN 3/6/2026 Call $225.00","BTO","2","$0.18","($36.08)"
"3/4/2026","3/4/2026","3/4/2026","","External debit card transfer - account ending in 6735","DCF","","","$40.00"
"3/4/2026","3/4/2026","3/5/2026","SPY","SPY 3/4/2026 Call $687.00","STC","1","$0.76","$75.95"
"3/4/2026","3/4/2026","3/5/2026","SPY","SPY 3/4/2026 Call $683.00","STC","1","$3.76","$375.95"
"3/4/2026","3/4/2026","3/5/2026","SPY","SPY 3/4/2026 Call $687.00","BTO","1","$0.45","($45.04)"
"3/4/2026","3/4/2026","3/5/2026","AMZN","AMZN 3/4/2026 Call $215.00","STC","1","$1.45","$144.95"
"3/4/2026","3/4/2026","3/5/2026","AMZN","AMZN 3/4/2026 Call $212.50","STC","1","$2.44","$243.95"
"3/4/2026","3/4/2026","3/5/2026","AAL","AAL 3/6/2026 Put $11.00","BTO","16","$0.02","($32.64)"
"3/4/2026","3/4/2026","3/5/2026","AAL","AAL 3/6/2026 Put $11.00","BTO","10","$0.02","($20.40)"
"3/4/2026","3/4/2026","3/5/2026","AAL","AAL 3/6/2026 Put $11.00","BTO","4","$0.02","($8.16)"
"3/4/2026","3/4/2026","3/5/2026","AAL","AAL 3/6/2026 Put $11.00","BTO","10","$0.02","($20.40)"
"3/4/2026","3/4/2026","3/5/2026","AAL","AAL 3/6/2026 Put $11.00","BTO","10","$0.02","($20.40)"
"3/4/2026","3/4/2026","3/5/2026","SPY","SPY 3/4/2026 Put $678.00","STC","3","$1.46","$437.87"
"3/4/2026","3/4/2026","3/5/2026","SPY","SPY 3/4/2026 Put $678.00","BTO","3","$1.56","($468.12)"
"3/4/2026","3/4/2026","3/5/2026","SPY","SPY 3/4/2026 Call $683.00","BTO","1","$2.33","($233.04)"
"3/4/2026","3/4/2026","3/4/2026","","ACH REVERSAL","ACH","","","($162.04)"
"3/3/2026","3/3/2026","3/4/2026","SPY","SPY 3/3/2026 Call $684.00","STC","1","$0.01","$0.95"
"3/3/2026","3/3/2026","3/4/2026","AMZN","AMZN 3/4/2026 Call $212.50","STC","2","$0.40","$79.91"
"3/3/2026","3/3/2026","3/4/2026","AMZN","AMZN 3/4/2026 Call $215.00","BTO","1","$0.12","($12.04)"
"3/3/2026","3/3/2026","3/3/2026","","External debit card transfer - account ending in 6735","DCF","","","$1.00"
"3/3/2026","3/3/2026","3/4/2026","SPY","SPY 3/3/2026 Call $682.00","STC","1","$1.37","$136.95"
"3/3/2026","3/3/2026","3/4/2026","SPY","SPY 3/3/2026 Call $682.00","STC","1","$0.70","$69.95"
"3/3/2026","3/3/2026","3/4/2026","SPY","SPY 3/3/2026 Call $684.00","BTO","1","$0.20","($20.04)"
"3/3/2026","3/3/2026","3/3/2026","","External debit card transfer - account ending in 6735","DCF","","","$17.00"
"3/3/2026","3/3/2026","3/4/2026","SPY","SPY 3/3/2026 Call $682.00","BTO","1","$0.19","($19.04)"
"3/3/2026","3/3/2026","3/4/2026","SPY","SPY 3/3/2026 Call $682.00","BTO","1","$0.19","($19.04)"
"3/3/2026","3/3/2026","3/3/2026","","External debit card transfer - account ending in 6735","DCF","","","$50.04"
"3/3/2026","3/3/2026","3/4/2026","XYZ","XYZ 3/13/2026 Call $74.00","BTO","1","$0.12","($12.04)"
"3/3/2026","3/3/2026","3/4/2026","AMZN","AMZN 3/4/2026 Call $212.50","BTO","3","$0.15","($45.12)"
"3/3/2026","3/3/2026","3/3/2026","","External debit card transfer - account ending in 6735","DCF","","","$55.80"
"3/3/2026","3/3/2026","3/4/2026","","ACH CANCEL","ACH","","","($103.00)"
"3/3/2026","3/3/2026","3/4/2026","","ACH CANCEL","ACH","","","($63.00)"
"3/3/2026","3/3/2026","3/4/2026","","ACH Deposit","ACH","","","$103.00"
"3/3/2026","3/3/2026","3/4/2026","","ACH Deposit","ACH","","","$63.00"
"3/3/2026","3/3/2026","3/4/2026","AMZN","AMZN 3/4/2026 Put $190.00","BTO","2","$0.15","($30.08)"
"3/3/2026","3/3/2026","3/4/2026","SPY","SPY 3/3/2026 Put $673.00","STC","1","$4.07","$406.95"
"3/3/2026","3/3/2026","3/4/2026","SPY","SPY 3/3/2026 Put $673.00","BTO","1","$1.76","($176.04)"
"3/3/2026","3/3/2026","3/3/2026","","ACH REVERSAL","ACH","","","($100.00)"
"3/2/2026","3/2/2026","3/3/2026","MSFT","Option Expiration for MSFT 3/2/2026 Call $417.50","OEXP","10S","",""
"3/2/2026","3/2/2026","3/3/2026","AAPL","Option Expiration for AAPL 3/2/2026 Call $272.50","OEXP","1S","",""
"3/2/2026","3/2/2026","3/3/2026","AMZN","Option Expiration for AMZN 3/2/2026 Call $212.50","OEXP","1S","",""
"3/2/2026","3/2/2026","3/3/2026","CVS","CVS 3/20/2026 Call $80.00","STC","1","$2.27","$226.95"
""
"","","","","","","","","","The data provided is for informational purposes only. Please consult a professional tax service or personal tax advisor if you need instructions on how to calculate cost basis or questions regarding your specific tax situation. Reminder: This data does not include Robinhood Crypto or Robinhood Spending activity."
